"Hour,Volume,Price"
"1,2666.8,-500"
"1,2666.8,-200"
"1,3008.1,-200"
"1,3008.1,-150"
"1,3070.4,-150"
"1,3070.4,-100"
"1,3188.9,-100"
"1,3188.9,-50"
"1,3218.9,-50"
"1,3218.9,-44.7"
"1,3335.7,-44.7"
"1,3335.7,-25"
"1,3336.5,-25"
"1,3336.5,-15"
"1,3336.8,-15"
"1,3336.8,-0.5"
"1,3336.9,-0.5"
"1,3336.9,1"
"1,3344.9,1"
"1,3344.9,5"
"1,3349.9,5"
"1,3349.9,10"
"1,3351.6,10"
"1,3351.6,13.4"
"1,3361.6,13.4"
"1,3361.6,13.8"
"1,3371.6,13.8"
"1,3371.6,14"
"1,3373.4,14"
"1,3373.4,14.5"
"1,3383.4,14.5"
"1,3383.4,15"
"1,3383.5,15"
"1,3383.5,16"
"1,3383.6,16"
"1,3383.6,16.5"
"1,3395.6,16.5"
"1,3395.6,18"
"1,3396.2,18"
"1,3396.2,18.3"
"1,3406.2,18.3"
"1,3406.2,19"
"1,3406.3,19"
"1,3406.3,24.9"
"1,3407.8,24.9"
"1,3407.8,25"
"1,3409.7,25"
"1,3409.7,25.9"
"1,3419.7,25.9"
"1,3419.7,27.3"
"1,3455.7,27.3"
"1,3455.7,27.4"
"1,3459.7,27.4"
"1,3459.9,27.4"
"1,3459.9,28"
"1,3461.5,28"
"1,3461.5,29"
"1,3471.5,29"
"1,3471.5,29.9"
"1,3473,29.9"
"1,3473.4,29.9"
"1,3473.4,30"
"1,3474.3,30"
"1,3474.3,30.1"
"1,3475.5,30.1"
"1,3475.5,32.4"
"1,3480.8,32.4"
"1,3480.9,32.4"
"1,3480.9,33"
"1,3481,33"
"1,3481,34"
"1,3481.1,34"
"1,3481.1,34.9"
"1,3490.2,34.9"
"1,3491.9,34.9"
"1,3491.9,35"
"1,3493.6,35"
"1,3493.6,35.1"
"1,3494.1,35.1"
"1,3494.1,36"
"1,3495.8,36"
"1,3495.8,37.4"
"1,3502.2,37.4"
"1,3502.3,37.4"
"1,3502.3,38.5"
"1,3506,38.5"
"1,3506,39.5"
"1,3506.5,39.5"
"1,3506.5,39.9"
"1,3515.7,39.9"
"1,3523.2,39.9"
"1,3523.2,40"
"1,3526.2,40"
"1,3526.2,40.5"
"1,3528.8,40.5"
"1,3528.8,41.5"
"1,3537.1,41.5"
"1,3537.1,42"
"1,3538,42"
"1,3538,42.4"
"1,3553.8,42.4"
"1,3554.3,42.4"
"1,3554.3,43.5"
"1,3555.9,43.5"
"1,3555.9,44.5"
"1,3559.7,44.5"
"1,3559.7,44.9"
"1,3563.8,44.9"
"1,3564.2,44.9"
"1,3564.2,45"
"1,3565.1,45"
"1,3565.1,45.1"
"1,3608.8,45.1"
"1,3608.8,47"
"1,3615.1,47"
"1,3615.1,47.4"
"1,3615.8,47.4"
"1,3616.3,47.4"
"1,3616.3,47.5"
"1,3618.2,47.5"
"1,3618.2,48"
"1,3622.6,48"
"1,3622.6,49"
"1,3629.3,49"
"1,3629.3,49.5"
"1,3631.1,49.5"
"1,3631.1,49.9"
"1,3644.4,49.9"
"1,3644.7,49.9"
"1,3644.7,50"
"1,3649.8,50"
"1,3649.8,50.5"
"1,3651.7,50.5"
"1,3651.7,51.5"
"1,3653.1,51.5"
"1,3653.1,52.4"
"1,3660.2,52.4"
"1,3660.3,52.4"
"1,3660.3,54"
"1,3662.8,54"
"1,3662.8,54.9"
"1,3674.4,54.9"
"1,3674.6,54.9"
"1,3674.6,55.1"
"1,3679.4,55.1"
"1,3679.4,56"
"1,3702.6,56"
"1,3702.6,57.4"
"1,3711.8,57.4"
"1,3711.8,59.9"
"1,3716,59.9"
"1,3716.7,59.9"
"1,3716.7,60"
"1,3727.1,60"
"1,3727.1,60.1"
"1,3733.3,60.1"
"1,3733.3,63"
"1,3743,63"
"1,3743,64"
"1,3768,64"
"1,3768,64.9"
"1,3771.1,64.9"
"1,3771.3,64.9"
"1,3771.3,65"
"1,3773.7,65"
"1,3773.7,65.1"
"1,3775.5,65.1"
"1,3775.5,66"
"1,3800.5,66"
"1,3800.5,67"
"1,3803.4,67"
"1,3803.4,69"
"1,3806,69"
"1,3806,69.9"
"1,3814.5,69.9"
"1,3814.6,69.9"
"1,3814.6,70"
"1,3817.4,70"
"1,3817.4,70.1"
"1,3840.9,70.1"
"1,3840.9,73"
"1,3841.9,73"
"1,3841.9,74.9"
"1,3854.4,74.9"
"1,3854.8,74.9"
"1,3854.8,75"
"1,3855.8,75"
"1,3855.8,75.1"
"1,3856.4,75.1"
"1,3856.4,78"
"1,3858.3,78"
"1,3858.3,79.9"
"1,3869.1,79.9"
"1,3871.6,79.9"
"1,3871.6,80"
"1,3900.7,80"
"1,3900.7,80.1"
"1,3909.5,80.1"
"1,3909.5,83"
"1,3910.5,83"
"1,3910.5,84.9"
"1,3918.3,84.9"
"1,3919.4,84.9"
"1,3919.4,87"
"1,3920.8,87"
"1,3920.8,88"
"1,3921.6,88"
"1,3921.6,89.9"
"1,3931.5,89.9"
"1,3931.5,90"
"1,3937.3,90"
"1,3937.3,90.1"
"1,3950.3,90.1"
"1,3950.3,94.9"
"1,3951.7,94.9"
"1,3951.7,95"
"1,3952.4,95"
"1,3952.4,99.9"
"1,3962.1,99.9"
"1,3963.2,99.9"
"1,3963.2,100"
"1,3975.8,100"
"1,3975.8,100.1"
"1,4011.9,100.1"
"1,4011.9,104"
"1,4036.9,104"
"1,4036.9,104.9"
"14,041,104.90"
"1,4041.2,104.9"
"1,4041.2,109.9"
"1,4043.4,109.9"
"1,4043.4,114.9"
"1,4044.5,114.9"
"1,4044.5,119.9"
"1,4047.5,119.9"
"1,4047.5,124.9"
"1,4050.7,124.9"
"1,4050.7,129.9"
"1,4053.5,129.9"
"1,4053.5,134.9"
"1,4055.9,134.9"
"1,4055.9,139.9"
"1,4057.8,139.9"
"1,4057.8,144"
"1,4082.8,144"
"1,4082.8,144.9"
"1,4083.6,144.9"
"1,4083.6,149.9"
"1,4083.8,149.9"
"1,4083.8,150"
"1,4119.8,150"
"1,4119.8,150.1"
"1,4141.6,150.1"
"1,4141.6,159.9"
"14,143,159.90"
"14,143,164.90"
"14,144,164.90"
"14,144,174.90"
"1,4144.5,174.9"
"1,4144.5,180.1"
"1,4150.3,180.1"
"1,4150.3,194"
"1,4200.3,194"
"1,4200.3,200"
"1,4207.6,200"
"1,4207.6,200.1"
"1,4227.4,200.1"
"1,4227.4,244"
"1,4302.4,244"
"1,4302.4,299.9"
"1,4309.4,299.9"
"1,4309.4,300"
"1,4398.4,300"
"1,4398.4,300.1"
"1,4399.9,300.1"
"1,4399.9,350.1"
"1,4403.9,350.1"
"1,4403.9,399.9"
"1,4408.8,399.9"
"1,4408.8,499.9"
"1,4411.3,499.9"
"1,4411.3,699.9"
"1,4411.8,699.9"
"1,4411.8,799.9"
"1,4413.6,799.9"
"1,4413.7,799.9"
"1,4413.7,899.9"
"1,4414.7,899.9"
"1,4414.7,999.9"
"1,4423.2,999.9"
"1,4433.6,999.9"
"1,4433.6,2500"
"1,4433.9,2500"
"1,4433.9,2999"
"1,4503.1,2999"
"1,4503.1,3000"
"2,3333.5,-500"
"2,3333.5,-200"
"2,3474.1,-200"
"2,3474.1,-150"
"2,3536.3,-150"
"2,3536.3,-100"
"2,3650.3,-100"
"2,3650.3,-50"
"2,3680.3,-50"
"2,3680.3,-44.7"
"2,3796.9,-44.7"
"2,3796.9,-25"
"2,3798.4,-25"
"2,3798.4,-0.5"
"2,3798.5,-0.5"
"2,3798.5,1"
"2,3806,1"
"2,3806,10"
"2,3807.7,10"
"2,3807.7,13.4"
"2,3817.8,13.4"
"2,3817.8,13.8"
"2,3827.9,13.8"
"2,3827.9,14.5"
"2,3838,14.5"
"2,3838,15"
"2,3838.1,15"
"2,3838.1,16.5"
"2,3850.1,16.5"
"2,3850.1,17"
"2,3850.2,17"
"2,3850.2,18"
"2,3851.2,18"
"2,3851.2,18.4"
"2,3861.3,18.4"
"2,3861.3,25"
"2,3863.5,25"
"2,3863.5,26"
"2,3873.6,26"
"2,3873.6,28"
"2,3875.2,28"
"2,3875.2,29"
"2,3885.3,29"
"2,3885.3,30"
"2,3886.2,30"
"2,3886.2,30.1"
"2,3887.4,30.1"
"2,3887.4,31"
"2,3887.5,31"
"2,3887.5,33"
"2,3887.6,33"
"2,3887.6,35"
"2,3889.3,35"
"2,3889.3,35.1"
"2,3889.8,35.1"
"2,3889.8,36"
"2,3891.5,36"
"2,3891.5,38.5"
"2,3893.9,38.5"
"2,3893.9,39.5"
"2,3894.4,39.5"
"2,3894.4,40"
"2,3897.4,40"
"2,3897.4,40.5"
"2,3900,40.5"
"2,3900,42"
"2,3900.9,42"
"2,3900.9,43.5"
"2,3902.5,43.5"
"2,3902.5,44.5"
"2,3906.3,44.5"
"2,3906.3,45"
"2,3907.2,45"
"2,3907.2,45.1"
"2,3950.9,45.1"
"2,3950.9,45.5"
"2,3952.7,45.5"
"2,3952.7,47"
"2,3959,47"
"2,3959,47.5"
"2,3960.9,47.5"
"2,3960.9,48"
"2,3965.4,48"
"2,3965.4,49"
"2,3972,49"
"2,3972,49.5"
"2,3973.8,49.5"
"2,3973.8,50"
"2,3979,50"
"2,3979,50.5"
"2,3980.9,50.5"
"2,3980.9,51.5"
"2,3982.3,51.5"
"2,3982.3,54"
"2,3984.7,54"
"2,3989.7,54"
"2,3989.7,55.1"
"2,3994.5,55.1"
"2,3994.5,60"
"2,4010,60"
"2,4010.2,60"
"2,4010.2,60.1"
"2,4016.4,60.1"
"2,4016.4,61"
"2,4041.4,61"
"2,4041.4,63"
"2,4051.1,63"
"2,4051.1,64"
"2,4076.1,64"
"2,4076.1,65"
"2,4078.3,65"
"2,4078.3,65.1"
"2,4080.1,65.1"
"2,4080.1,67"
"2,4083,67"
"2,4083,69"
"2,4085.6,69"
"2,4085.6,69.9"
"2,4085.7,69.9"
"2,4085.7,70"
"2,4088.4,70"
"2,4088.4,70.1"
"2,4111.9,70.1"
"2,4111.9,73"
"2,4113,73"
"2,4113,74.9"
"2,4125.5,74.9"
"2,4125.9,74.9"
"2,4125.9,75"
"2,4126.9,75"
"2,4126.9,75.1"
"2,4127.5,75.1"
"2,4127.5,78"
"2,4131.6,78"
"2,4131.6,79.9"
"2,4142.9,79.9"
"2,4145.4,79.9"
"2,4145.4,80"
"2,4172.3,80"
"2,4172.3,80.1"
"2,4181.1,80.1"
"2,4181.1,84.9"
"2,4189.4,84.9"
"2,4190.5,84.9"
"2,4190.5,87"
"2,4191.9,87"
"2,4191.9,88"
"2,4192.7,88"
"2,4192.7,89.9"
"2,4201.6,89.9"
"2,4201.6,90"
"2,4207.4,90"
"2,4207.4,90.1"
"2,4220.4,90.1"
"2,4220.4,94.9"
"2,4221.8,94.9"
"2,4221.8,95"
"2,4222.5,95"
"2,4222.5,99.9"
"2,4232.2,99.9"
"2,4233.3,99.9"
"2,4233.3,100"
"2,4245.8,100"
"2,4245.8,100.1"
"2,4281.9,100.1"
"2,4281.9,101"
"2,4306.9,101"
"2,4306.9,104.9"
"24,311,104.90"
"2,4311.2,104.9"
"2,4311.2,109.9"
"2,4313.4,109.9"
"2,4313.4,114.9"
"2,4314.5,114.9"
"2,4314.5,119.9"
"2,4317.5,119.9"
"2,4317.5,124.9"
"2,4320.7,124.9"
"2,4320.7,129.9"
"2,4323.5,129.9"
"2,4323.5,134.9"
"2,4325.9,134.9"
"2,4325.9,139.9"
"2,4327.8,139.9"
"2,4327.8,141"
"2,4352.8,141"
"2,4352.8,144.9"
"2,4353.6,144.9"
"2,4353.6,149.9"
"2,4353.8,149.9"
"2,4353.8,150"
"2,4389.9,150"
"2,4389.9,150.1"
"2,4411.7,150.1"
"2,4411.7,159.9"
"2,4413.1,159.9"
"2,4413.1,164.9"
"2,4414.1,164.9"
"2,4414.1,170.1"
"2,4418.1,170.1"
"2,4418.1,174.9"
"2,4418.6,174.9"
"2,4418.6,191"
"2,4468.6,191"
"2,4468.6,200"
"2,4475.9,200"
"2,4475.9,200.1"
"2,4495.7,200.1"
"2,4495.7,241"
"2,4570.7,241"
"2,4570.7,299.9"
"2,4577.7,299.9"
"2,4577.7,300"
"2,4666.7,300"
"2,4666.7,300.1"
"24,670,300.10"
"24,670,399.90"
"2,4674.9,399.9"
"2,4674.9,499.9"
"2,4677.4,499.9"
"2,4677.4,500.1"
"2,4681.4,500.1"
"2,4681.4,699.9"
"2,4681.9,699.9"
"2,4681.9,799.9"
"2,4683.7,799.9"
"2,4683.8,799.9"
"2,4683.8,899.9"
"2,4684.8,899.9"
"2,4684.8,999.9"
"2,4693.3,999.9"
"2,4703.9,999.9"
"2,4703.9,2500"
"2,4704.2,2500"
"2,4704.2,2999"
"2,4773.1,2999"
"2,4773.1,3000"
"3,3244.8,-500"
"3,3244.8,-200"
"3,3398.3,-200"
"3,3398.3,-150"
"3,3460.4,-150"
"3,3460.4,-100"
"3,3573.1,-100"
"3,3573.1,-50"
"3,3603.1,-50"
"3,3603.1,-44.7"
"3,3719.5,-44.7"
"3,3719.5,-25"
"3,3722,-25"
"3,3722,-0.5"
"3,3722.1,-0.5"
"3,3722.1,1"
"3,3729.6,1"
"3,3729.6,10"
"3,3730.8,10"
"3,3730.8,13.4"
"3,3740.9,13.4"
"3,3740.9,13.7"
"3,3751,13.7"
"3,3751,14"
"3,3753.4,14"
"3,3753.4,14.5"
"3,3763.5,14.5"
"3,3763.5,15"
"3,3765,15"
"3,3765,16.5"
"3,3777,16.5"
"3,3777,17"
"3,3777.1,17"
"3,3777.1,18"
"3,3778.1,18"
"3,3778.1,18.4"
"3,3788.2,18.4"
"3,3788.2,19"
"3,3788.3,19"
"3,3788.3,25"
"3,3792.5,25"
"3,3792.5,26"
"3,3802.6,26"
"3,3802.6,28"
"3,3804.2,28"
"3,3804.2,29"
"3,3814.3,29"
"3,3814.3,30"
"3,3815.1,30"
"3,3815.1,30.1"
"3,3816.3,30.1"
"3,3816.3,31"
"3,3816.4,31"
"3,3816.4,33"
"3,3816.5,33"
"3,3816.5,35"
"3,3818.2,35"
"3,3818.2,35.1"
"3,3818.7,35.1"
"3,3818.7,36"
"3,3820.4,36"
"3,3820.4,38.5"
"3,3822.8,38.5"
"3,3822.8,39.5"
"3,3823.1,39.5"
"3,3823.1,40"
"3,3826.1,40"
"3,3826.1,40.5"
"3,3828.8,40.5"
"3,3828.8,42"
"3,3829.6,42"
"3,3829.6,43.5"
"3,3831.2,43.5"
"3,3831.2,44.5"
"3,3835.1,44.5"
"3,3835.1,45"
"3,3835.9,45"
"3,3835.9,45.1"
"3,3879.6,45.1"
"3,3879.6,45.5"
"3,3881.4,45.5"
"3,3881.4,47"
"3,3887.7,47"
"3,3887.7,47.5"
"3,3889.6,47.5"
"3,3889.6,48"
"3,3894.1,48"
"3,3894.1,49"
"3,3900.7,49"
"3,3900.7,49.5"
"3,3902.5,49.5"
"3,3902.5,50"
"3,3907.7,50"
"3,3907.7,50.5"
"3,3909.6,50.5"
"3,3909.6,51.5"
"3,3911,51.5"
"3,3911,52"
"3,3916,52"
"3,3916,54"
"3,3918.4,54"
"3,3918.4,54.9"
"3,3921.6,54.9"
"3,3921.8,54.9"
"3,3921.8,55.1"
"3,3926.6,55.1"
"3,3926.6,57.4"
"3,3935.8,57.4"
"3,3935.8,59"
"3,3960.8,59"
"3,3960.8,59.9"
"3,3965,59.9"
"3,3966.5,59.9"
"3,3966.5,60"
"3,3982.3,60"
"3,3982.3,60.1"
"3,3988.5,60.1"
"3,3988.5,62"
"3,4013.5,62"
"3,4013.5,63"
"3,4023.2,63"
"3,4023.2,64.9"
"3,4025.3,64.9"
"3,4025.5,64.9"
"3,4025.5,65"
"3,4028.1,65"
"3,4028.1,65.1"
"3,4029.9,65.1"
"3,4029.9,67"
"3,4032.8,67"
"3,4032.8,69"
"3,4035.4,69"
"3,4035.4,69.9"
"3,4043.3,69.9"
"3,4044.7,69.9"
"3,4044.7,70"
"3,4047.4,70"
"3,4047.4,70.1"
"3,4070.9,70.1"
"3,4070.9,73"
"3,4072,73"
"3,4072,74.9"
"3,4078.1,74.9"
"3,4078.5,74.9"
"3,4078.5,75"
"3,4079.5,75"
"3,4079.5,75.1"
"3,4080.1,75.1"
"3,4080.1,78"
"3,4084.2,78"
"3,4084.2,79.9"
"3,4102.7,79.9"
"3,4105.2,79.9"
"3,4105.2,80"
"3,4132.1,80"
"3,4132.1,80.1"
"3,4140.9,80.1"
"3,4140.9,84.9"
"3,4147.7,84.9"
"3,4151.3,84.9"
"3,4151.3,87"
"3,4152.7,87"
"3,4152.7,88"
"3,4153.5,88"
"3,4153.5,89.9"
"3,4162.4,89.9"
"3,4162.4,90"
"3,4168.2,90"
"3,4168.2,90.1"
"3,4181.2,90.1"
"3,4181.2,94.9"
"3,4182.6,94.9"
"3,4182.6,95"
"3,4183.3,95"
"3,4183.3,99"
"3,4208.3,99"
"3,4208.3,99.9"
"3,4219.5,99.9"
"3,4221.1,99.9"
"3,4221.1,100"
"3,4234.7,100"
"3,4234.7,100.1"
"3,4270.8,100.1"
"3,4270.8,104.9"
"3,4274.9,104.9"
"3,4275.1,104.9"
"3,4275.1,109.9"
"3,4277.3,109.9"
"3,4277.3,114.9"
"3,4278.4,114.9"
"3,4278.4,119.9"
"3,4281.4,119.9"
"3,4281.4,124.9"
"3,4284.6,124.9"
"3,4284.6,129.9"
"3,4287.4,129.9"
"3,4287.4,134.9"
"3,4289.8,134.9"
"3,4289.8,139"
"3,4314.8,139"
"3,4314.8,139.9"
"3,4316.7,139.9"
"3,4316.7,144.9"
"3,4317.5,144.9"
"3,4317.5,149.9"
"3,4317.7,149.9"
"3,4317.7,150"
"3,4349.9,150"
"3,4350.5,150"
"3,4350.5,150.1"
"3,4372.3,150.1"
"3,4372.3,159.9"
"3,4373.7,159.9"
"3,4373.7,164.9"
"3,4374.7,164.9"
"3,4374.7,170.1"
"3,4378.7,170.1"
"3,4378.7,174.9"
"3,4379.2,174.9"
"3,4379.2,189"
"3,4429.2,189"
"3,4429.2,190.1"
"34,431,190.10"
"34,431,200"
"3,4438.3,200"
"3,4438.3,200.1"
"3,4458.1,200.1"
"3,4458.1,239"
"3,4533.1,239"
"3,4533.1,299.9"
"3,4540.1,299.9"
"3,4540.1,300"
"3,4629.1,300"
"3,4629.1,300.1"
"3,4630.6,300.1"
"3,4630.6,399.9"
"3,4635.5,399.9"
"3,4635.5,400.1"
"3,4639.5,400.1"
"3,4639.5,499.9"
"34,642,499.90"
"34,642,699.90"
"3,4642.5,699.9"
"3,4642.5,799.9"
"3,4644.3,799.9"
"3,4644.4,799.9"
"3,4644.4,899.9"
"3,4645.4,899.9"
"3,4645.4,999.9"
"3,4653.9,999.9"
"3,4664.3,999.9"
"3,4664.3,2500"
"3,4664.6,2500"
"3,4664.6,2999"
"3,4733.3,2999"
"3,4733.3,3000"
"4,3260.2,-500"
"4,3260.2,-200"
"4,3419.4,-200"
"4,3419.4,-150"
"4,3481.3,-150"
"4,3481.3,-100"
"4,3592.7,-100"
"4,3592.7,-50"
"4,3622.7,-50"
"4,3622.7,-44.7"
"4,3738.8,-44.7"
"4,3738.8,-25"
"4,3741.3,-25"
"4,3741.3,-0.5"
"4,3741.4,-0.5"
"4,3741.4,1"
"4,3748.9,1"
"4,3748.9,10"
"4,3750.1,10"
"4,3750.1,13.4"
"4,3760.2,13.4"
"4,3760.2,13.7"
"4,3770.3,13.7"
"4,3770.3,14"
"4,3772.7,14"
"4,3772.7,14.5"
"4,3782.8,14.5"
"4,3782.8,15"
"4,3784.3,15"
"4,3784.3,16.5"
"4,3797.3,16.5"
"4,3797.3,17"
"4,3797.4,17"
"4,3797.4,18"
"4,3798.4,18"
"4,3798.4,18.4"
"4,3808.5,18.4"
"4,3808.5,19"
"4,3808.6,19"
"4,3808.6,25"
"4,3813.1,25"
"4,3813.1,26"
"4,3823.2,26"
"4,3823.2,28"
"4,3824.8,28"
"4,3824.8,29"
"4,3834.9,29"
"4,3834.9,30"
"4,3835.7,30"
"4,3835.7,30.1"
"4,3836.9,30.1"
"4,3836.9,33"
"4,3837,33"
"4,3837,34"
"4,3837.1,34"
"4,3837.1,35"
"4,3838.8,35"
"4,3838.8,35.1"
"4,3839.3,35.1"
"4,3839.3,36"
"4,3841,36"
"4,3841,38.5"
"4,3844.9,38.5"
"4,3844.9,39.5"
"4,3845.2,39.5"
"4,3845.2,40"
"4,3848.2,40"
"4,3848.2,40.5"
"4,3850.8,40.5"
"4,3850.8,42"
"4,3851.6,42"
"4,3851.6,43.5"
"4,3853.2,43.5"
"4,3853.2,44.5"
"4,3857.1,44.5"
"4,3857.1,45"
"4,3857.9,45"
"4,3857.9,45.1"
"4,3901.6,45.1"
"4,3901.6,45.5"
"4,3903.4,45.5"
"4,3903.4,47"
"4,3909.7,47"
"4,3909.7,47.5"
"4,3911.6,47.5"
"4,3911.6,48"
"4,3916.1,48"
"4,3916.1,49"
"4,3922.8,49"
"4,3922.8,49.5"
"4,3924.6,49.5"
"4,3924.6,50"
"4,3929.7,50"
"4,3929.7,50.5"
"4,3931.6,50.5"
"4,3931.6,51.5"
"4,3933,51.5"
"4,3933,52"
"4,3938,52"
"4,3938,54"
"4,3940.4,54"
"4,3940.4,55.1"
"4,3945.2,55.1"
"4,3945.2,57"
"4,3947.1,57"
"4,3947.1,57.4"
"4,3947.2,57.4"
"4,3947.2,58"
"4,3972.2,58"
"4,3972.2,59.9"
"4,3976.4,59.9"
"4,3979.7,59.9"
"4,3979.7,60"
"4,3993.7,60"
"4,3993.7,60.1"
"4,3999.9,60.1"
"4,3999.9,62"
"4,4024.9,62"
"4,4024.9,63"
"4,4034.6,63"
"4,4034.6,64.9"
"4,4038.1,64.9"
"4,4038.3,64.9"
"4,4038.3,65"
"4,4040.9,65"
"4,4040.9,65.1"
"4,4042.7,65.1"
"4,4042.7,67"
"4,4045.6,67"
"4,4045.6,69"
"4,4048.2,69"
"4,4048.2,69.9"
"4,4056.1,69.9"
"4,4057.5,69.9"
"4,4057.5,70"
"4,4060.3,70"
"4,4060.3,70.1"
"4,4083.8,70.1"
"4,4083.8,73"
"4,4084.9,73"
"4,4084.9,74.9"
"4,4090.1,74.9"
"4,4090.1,75"
"4,4091.1,75"
"4,4091.1,75.1"
"4,4091.7,75.1"
"4,4091.7,78"
"4,4095.7,78"
"4,4095.7,79.9"
"4,4114.2,79.9"
"4,4116.4,79.9"
"4,4116.4,80"
"4,4143.4,80"
"4,4143.4,80.1"
"4,4152.2,80.1"
"4,4152.2,84.9"
"4,4159,84.9"
"4,4162.6,84.9"
"4,4162.6,87"
"4,4164,87"
"4,4164,88"
"4,4164.9,88"
"4,4164.9,89.9"
"4,4171.3,89.9"
"4,4171.5,89.9"
"4,4171.5,90"
"4,4177.3,90"
"4,4177.3,90.1"
"4,4190.3,90.1"
"4,4190.3,94.9"
"4,4191.7,94.9"
"4,4191.7,95"
"4,4192.4,95"
"4,4192.4,98"
"4,4218,98"
"4,4218,99.9"
"4,4229.2,99.9"
"4,4230.7,99.9"
"4,4230.7,100"
"4,4244.2,100"
"4,4244.2,100.1"
"4,4280.3,100.1"
"4,4280.3,104.9"
"4,4284.4,104.9"
"4,4284.6,104.9"
"4,4284.6,109.9"
"4,4286.8,109.9"
"4,4286.8,114.9"
"4,4287.9,114.9"
"4,4287.9,119.9"
"4,4290.9,119.9"
"4,4290.9,124.9"
"4,4294.7,124.9"
"4,4294.7,129.9"
"4,4297.5,129.9"
"4,4297.5,134.9"
"4,4299.9,134.9"
"4,4299.9,138"
"4,4324.9,138"
"4,4324.9,139.9"
"4,4326.8,139.9"
"4,4326.8,144.9"
"4,4327.6,144.9"
"4,4327.6,149.9"
"4,4327.8,149.9"
"4,4327.8,150"
"4,4360.1,150"
"4,4361.1,150"
"4,4361.1,150.1"
"4,4384.7,150.1"
"4,4384.7,159.9"
"4,4386.1,159.9"
"4,4386.1,164.9"
"4,4387.1,164.9"
"4,4387.1,174.9"
"4,4387.6,174.9"
"4,4387.6,188"
"4,4437.6,188"
"4,4437.6,190.1"
"4,4441.6,190.1"
"4,4441.6,194.9"
"4,4442.6,194.9"
"4,4442.6,200"
"4,4449.8,200"
"4,4449.8,200.1"
"4,4463.8,200.1"
"4,4463.8,238"
"4,4538.8,238"
"4,4538.8,299.9"
"4,4545.8,299.9"
"4,4545.8,300"
"4,4634.8,300"
"4,4634.8,300.1"
"4,4636.3,300.1"
"4,4636.3,350.1"
"4,4640.3,350.1"
"4,4640.3,399.9"
"4,4645.2,399.9"
"4,4645.2,499.9"
"4,4647.7,499.9"
"4,4647.7,699.9"
"4,4648.2,699.9"
"4,4648.2,799.9"
"4,4649.3,799.9"
"4,4649.4,799.9"
"4,4649.4,999.9"
"4,4657.9,999.9"
"4,4668.4,999.9"
"4,4668.4,2500"
"4,4668.7,2500"
"4,4668.7,2999"
"4,4736.9,2999"
"4,4736.9,3000"
"5,3232.6,-500"
"5,3232.6,-200"
"5,3377.6,-200"
"5,3377.6,-150"
"5,3439.3,-150"
"5,3439.3,-100"
"5,3545.9,-100"
"5,3545.9,-50"
"5,3575.9,-50"
"5,3575.9,-44.7"
"5,3691.6,-44.7"
"5,3691.6,-25"
"5,3694.1,-25"
"5,3694.1,-0.5"
"5,3694.2,-0.5"
"5,3694.2,1"
"5,3701.7,1"
"5,3701.7,10"
"5,3702.8,10"
"5,3702.8,13"
"5,3704.2,13"
"5,3704.2,13.4"
"5,3714.3,13.4"
"5,3714.3,13.7"
"5,3724.4,13.7"
"5,3724.4,14"
"5,3726.8,14"
"5,3726.8,14.5"
"5,3736.9,14.5"
"5,3736.9,15"
"5,3738.4,15"
"5,3738.4,16.5"
"5,3751.4,16.5"
"5,3751.4,17"
"5,3751.5,17"
"5,3751.5,18.4"
"5,3761.6,18.4"
"5,3761.6,25"
"5,3766.1,25"
"5,3766.1,26.1"
"5,3776.2,26.1"
"5,3776.2,28"
"5,3777.8,28"
"5,3777.8,29"
"5,3787.9,29"
"5,3787.9,30"
"5,3788.8,30"
"5,3788.8,30.1"
"5,3790,30.1"
"5,3790,35"
"5,3791.7,35"
"5,3791.7,35.1"
"5,3792.2,35.1"
"5,3792.2,36"
"5,3793.9,36"
"5,3793.9,38.5"
"5,3799.6,38.5"
"5,3799.6,39.5"
"5,3799.9,39.5"
"5,3799.9,40"
"5,3802.9,40"
"5,3802.9,40.5"
"5,3805.5,40.5"
"5,3805.5,42"
"5,3806.4,42"
"5,3806.4,43.5"
"5,3808,43.5"
"5,3808,44.5"
"5,3811.8,44.5"
"5,3811.8,45"
"5,3812.7,45"
"5,3812.7,45.1"
"5,3856.4,45.1"
"5,3856.4,45.5"
"5,3858.2,45.5"
"5,3858.2,47"
"5,3864.5,47"
"5,3864.5,47.5"
"5,3866.4,47.5"
"5,3866.4,48"
"5,3870.8,48"
"5,3870.8,49"
"5,3877.5,49"
"5,3877.5,49.5"
"5,3879.3,49.5"
"5,3879.3,50"
"5,3886.8,50"
"5,3886.8,50.1"
"5,3888.2,50.1"
"5,3888.2,50.5"
"5,3890.1,50.5"
"5,3890.1,51.5"
"5,3891.6,51.5"
"5,3891.6,52"
"5,3896.6,52"
"5,3896.6,54"
"5,3899,54"
"5,3899,55.1"
"5,3903.8,55.1"
"5,3903.8,57"
"5,3905.6,57"
"5,3905.6,59"
"5,3930.6,59"
"5,3930.6,59.9"
"5,3933.2,59.9"
"5,3933.2,60"
"5,3947,60"
"5,3947.1,60"
"5,3947.1,60.1"
"5,3953.3,60.1"
"5,3953.3,62"
"5,3978.3,62"
"5,3978.3,63"
"5,3988.1,63"
"5,3988.1,64.9"
"5,3991.6,64.9"
"5,3991.8,64.9"
"5,3991.8,65.1"
"5,3993.6,65.1"
"5,3993.6,67"
"5,3996.5,67"
"5,3996.5,69"
"5,3999,69"
"5,3999,69.9"
"5,4006.9,69.9"
"5,4008.3,69.9"
"5,4008.3,70"
"5,4011.1,70"
"5,4011.1,70.1"
"5,4037.9,70.1"
"5,4037.9,73"
"5,4039,73"
"5,4039,74.9"
"5,4044.2,74.9"
"5,4044.2,75"
"5,4045.2,75"
"5,4045.2,75.1"
"5,4045.8,75.1"
"5,4045.8,78"
"5,4049.8,78"
"5,4049.8,79.9"
"5,4068.3,79.9"
"5,4070.2,79.9"
"5,4070.2,80"
"5,4094.8,80"
"5,4094.8,80.1"
"5,4103.6,80.1"
"5,4103.6,84.9"
"5,4109.5,84.9"
"5,4113.1,84.9"
"5,4113.1,87"
"5,4114.5,87"
"5,4114.5,88"
"5,4115.4,88"
"5,4115.4,89.9"
"5,4122.4,89.9"
"5,4122.6,89.9"
"5,4122.6,90"
"5,4128.4,90"
"5,4128.4,90.1"
"5,4141.4,90.1"
"5,4141.4,94.9"
"5,4142.8,94.9"
"5,4143.1,94.9"
"5,4143.1,95"
"5,4143.8,95"
"5,4143.8,98"
"5,4144.4,98"
"5,4144.4,99"
"5,4169.4,99"
"5,4169.4,99.9"
"5,4180.6,99.9"
"5,4182.2,99.9"
"5,4182.2,100"
"5,4195.8,100"
"5,4195.8,100.1"
"5,4231.9,100.1"
"5,4231.9,104.9"
"54,236,104.90"
"5,4236.2,104.9"
"5,4236.2,109.9"
"5,4238.4,109.9"
"5,4238.4,114.9"
"5,4239.5,114.9"
"5,4239.5,119.9"
"5,4242.5,119.9"
"5,4242.5,124.9"
"5,4246.3,124.9"
"5,4246.3,129.9"
"5,4249.1,129.9"
"5,4249.1,134.9"
"5,4251.5,134.9"
"5,4251.5,139"
"5,4276.5,139"
"5,4276.5,139.9"
"5,4278.4,139.9"
"5,4278.4,144.9"
"5,4279.2,144.9"
"5,4279.2,149.9"
"5,4279.4,149.9"
"5,4279.4,150"
"5,4311.6,150"
"5,4312.8,150"
"5,4312.8,150.1"
"5,4331.7,150.1"
"5,4331.7,159.9"
"5,4333.1,159.9"
"5,4333.1,164.9"
"5,4334.1,164.9"
"5,4334.1,174.9"
"5,4334.6,174.9"
"5,4334.6,189"
"5,4384.6,189"
"5,4384.6,194.9"
"5,4385.6,194.9"
"5,4385.6,200"
"5,4392.9,200"
"5,4392.9,200.1"
"5,4406.9,200.1"
"5,4406.9,239"
"5,4481.9,239"
"5,4481.9,299.9"
"5,4488.9,299.9"
"5,4488.9,300"
"5,4577.9,300"
"5,4577.9,300.1"
"5,4579.4,300.1"
"5,4579.4,399.9"
"5,4584.3,399.9"
"5,4584.3,400.1"
"5,4588.3,400.1"
"5,4588.3,499.9"
"5,4590.8,499.9"
"5,4590.8,500.1"
"5,4594.8,500.1"
"5,4594.8,699.9"
"5,4595.3,699.9"
"5,4595.3,799.9"
"5,4598.2,799.9"
"5,4598.3,799.9"
"5,4598.3,999.9"
"5,4606.8,999.9"
"5,4617.4,999.9"
"5,4617.4,2500"
"5,4617.7,2500"
"5,4617.7,2999"
"5,4685.4,2999"
"5,4685.4,3000"
"6,3464.4,-500"
"6,3464.4,-200"
"6,3636.5,-200"
"6,3636.5,-150"
"6,3698,-150"
"6,3698,-100"
"6,3798.5,-100"
"6,3798.5,-50"
"6,3828.5,-50"
"6,3828.5,-44.7"
"6,3943.8,-44.7"
"6,3943.8,-25"
"6,3946.4,-25"
"6,3946.4,-10"
"6,3947.3,-10"
"6,3947.3,-5"
"6,3948.2,-5"
"6,3948.2,-0.5"
"6,3948.3,-0.5"
"6,3948.3,0.1"
"6,3949.3,0.1"
"6,3949.3,1"
"6,3956.8,1"
"6,3956.8,2"
"6,3966.8,2"
"6,3966.8,10"
"6,3967.4,10"
"6,3967.4,13"
"6,3968.8,13"
"6,3968.8,13.4"
"6,3979,13.4"
"6,3979,13.7"
"6,3989.2,13.7"
"6,3989.2,14"
"6,3993.5,14"
"6,3993.5,14.5"
"6,4003.7,14.5"
"6,4003.7,15"
"6,4005.1,15"
"6,4005.1,16"
"6,4008.4,16"
"6,4008.4,16.5"
"6,4022.4,16.5"
"6,4022.4,17"
"6,4022.5,17"
"6,4022.5,18.4"
"6,4032.7,18.4"
"6,4032.7,20.1"
"6,4032.8,20.1"
"6,4032.8,25"
"6,4037.3,25"
"6,4037.3,26.1"
"6,4047.5,26.1"
"6,4047.5,28"
"6,4049.1,28"
"6,4049.1,29"
"6,4059.3,29"
"6,4059.3,30"
"6,4060.2,30"
"6,4060.2,30.1"
"6,4061.4,30.1"
"6,4061.4,35"
"6,4063.1,35"
"6,4063.1,35.1"
"6,4063.6,35.1"
"6,4063.6,36"
"6,4065.3,36"
"6,4065.3,38.5"
"6,4071,38.5"
"6,4071,39.5"
"6,4071.3,39.5"
"6,4071.3,40"
"6,4076.1,40"
"6,4076.1,40.5"
"6,4078.7,40.5"
"6,4078.7,42"
"6,4079.5,42"
"6,4079.5,43.5"
"6,4081.1,43.5"
"6,4081.1,44.5"
"6,4085,44.5"
"6,4085,45"
"6,4085.8,45"
"6,4085.8,45.1"
"6,4129.5,45.1"
"6,4129.5,47"
"6,4135.8,47"
"6,4135.8,47.5"
"6,4137.7,47.5"
"6,4137.7,48"
"6,4142.2,48"
"6,4142.2,49"
"6,4148.9,49"
"6,4148.9,49.5"
"6,4150.7,49.5"
"6,4150.7,50"
"6,4158.2,50"
"6,4158.2,50.1"
"6,4159.6,50.1"
"6,4159.6,50.5"
"6,4161.5,50.5"
"6,4161.5,51.5"
"6,4162.9,51.5"
"6,4162.9,52"
"6,4167.9,52"
"6,4167.9,54"
"6,4170.4,54"
"6,4170.4,55.1"
"6,4175.1,55.1"
"6,4175.1,57"
"6,4176.9,57"
"6,4176.9,59.9"
"6,4177.6,59.9"
"6,4177.6,60"
"6,4218.3,60"
"6,4218.4,60"
"6,4218.4,60.1"
"6,4224.6,60.1"
"6,4224.6,62"
"6,4249.6,62"
"6,4249.6,63"
"6,4258.4,63"
"6,4258.4,64.9"
"6,4260.5,64.9"
"6,4260.7,64.9"
"6,4260.7,65.1"
"6,4262.5,65.1"
"6,4262.5,67"
"6,4265.4,67"
"6,4265.4,69"
"6,4268,69"
"6,4268,69.9"
"6,4275.9,69.9"
"6,4277.3,69.9"
"6,4277.3,70"
"6,4280.1,70"
"6,4280.1,70.1"
"6,4306.9,70.1"
"6,4306.9,73"
"6,4310.2,73"
"6,4310.2,74.9"
"6,4315.4,74.9"
"6,4315.4,75"
"6,4316.4,75"
"6,4316.4,75.1"
"6,4317,75.1"
"6,4317,78"
"6,4318.8,78"
"6,4318.8,79.9"
"6,4337.3,79.9"
"6,4339,79.9"
"6,4339,80"
"6,4363.1,80"
"6,4363.1,80.1"
"6,4371.9,80.1"
"6,4371.9,84.9"
"6,4377.8,84.9"
"6,4381.4,84.9"
"6,4381.4,87"
"6,4382.8,87"
"6,4382.8,88"
"6,4383.7,88"
"6,4383.7,89.9"
"6,4390.7,89.9"
"6,4390.7,90"
"6,4396.5,90"
"6,4396.5,90.1"
"6,4409.4,90.1"
"6,4409.4,94.9"
"6,4410.8,94.9"
"6,4411.1,94.9"
"6,4411.1,95"
"6,4411.8,95"
"6,4411.8,98"
"6,4412.4,98"
"6,4412.4,99.9"
"6,4423.6,99.9"
"6,4424.8,99.9"
"6,4424.8,100"
"6,4463.4,100"
"6,4463.4,100.1"
"6,4503.1,100.1"
"6,4503.1,104.9"
"6,4507.2,104.9"
"6,4507.4,104.9"
"6,4507.4,109.9"
"6,4509.6,109.9"
"6,4509.6,110.1"
"6,4511.4,110.1"
"6,4511.4,114.9"
"6,4512.5,114.9"
"6,4512.5,119.9"
"6,4515.5,119.9"
"6,4515.5,124.9"
"6,4519.3,124.9"
"6,4519.3,129.9"
"6,4522.1,129.9"
"6,4522.1,134.9"
"6,4524.5,134.9"
"6,4524.5,139.9"
"6,4526.4,139.9"
"6,4526.4,140"
"6,4551.4,140"
"6,4551.4,140.1"
"6,4555.4,140.1"
"6,4555.4,144.9"
"6,4556.2,144.9"
"6,4556.2,149.9"
"6,4556.4,149.9"
"6,4556.4,150"
"6,4586.9,150"
"64,588,150"
"64,588,150.10"
"6,4603.3,150.1"
"6,4603.3,159.9"
"6,4604.7,159.9"
"6,4604.7,164.9"
"6,4605.7,164.9"
"6,4605.7,174.9"
"6,4606.2,174.9"
"6,4606.2,190"
"6,4656.2,190"
"6,4656.2,194.9"
"6,4657.2,194.9"
"6,4657.2,200"
"6,4663.1,200"
"6,4663.1,200.1"
"6,4677.1,200.1"
"6,4677.1,240"
"6,4752.1,240"
"6,4752.1,250.1"
"6,4756.1,250.1"
"6,4756.1,299.9"
"6,4763.1,299.9"
"6,4763.1,300"
"6,4852.1,300"
"6,4852.1,300.1"
"6,4853.6,300.1"
"6,4853.6,399.9"
"6,4858.5,399.9"
"6,4858.5,499.9"
"64,861,499.90"
"64,861,799.90"
"6,4863.9,799.9"
"6,4863.9,999.9"
"6,4872.4,999.9"
"6,4876.2,999.9"
"6,4876.2,2500"
"6,4876.5,2500"
"6,4876.5,2999"
"6,4943.6,2999"
"6,4943.6,3000"
"7,3375.9,-500"
"7,3375.9,-200"
"7,3530,-200"
"7,3530,-150"
"7,3591.1,-150"
"7,3591.1,-100"
"7,3691.2,-100"
"7,3691.2,-50"
"7,3721.2,-50"
"7,3721.2,-44.7"
"7,3835.6,-44.7"
"7,3835.6,-25"
"7,3841.1,-25"
"7,3841.1,-10"
"7,3844.2,-10"
"7,3844.2,-5"
"7,3846.3,-5"
"7,3846.3,-0.5"
"7,3846.4,-0.5"
"7,3846.4,0.1"
"7,3858.4,0.1"
"7,3858.4,1"
"7,3865.9,1"
"7,3865.9,5"
"7,3872.8,5"
"7,3872.8,10"
"7,3874.8,10"
"7,3874.8,10.1"
"7,3891.3,10.1"
"7,3891.3,13"
"7,3892.7,13"
"7,3892.7,13.4"
"7,3902.9,13.4"
"7,3902.9,13.7"
"7,3913.1,13.7"
"7,3913.1,14"
"7,3917.4,14"
"7,3917.4,14.5"
"7,3927.6,14.5"
"7,3927.6,15"
"7,3934.2,15"
"7,3934.2,16"
"7,3943.1,16"
"7,3943.1,16.5"
"7,3957.1,16.5"
"7,3957.1,17"
"7,3959.6,17"
"7,3959.6,18.3"
"7,3969.8,18.3"
"7,3969.8,19"
"7,3970.7,19"
"7,3970.7,20"
"7,3976.7,20"
"7,3976.7,20.1"
"7,3976.8,20.1"
"7,3976.8,22"
"7,3978.2,22"
"7,3978.2,25"
"7,3982.1,25"
"7,3982.1,25.1"
"7,3982.4,25.1"
"7,3982.4,26"
"7,3992.6,26"
"7,3992.6,28"
"7,3994.5,28"
"7,3994.5,29"
"7,4004.7,29"
"7,4004.7,32.1"
"7,4006.5,32.1"
"7,4006.5,34"
"7,4006.6,34"
"7,4006.6,35"
"7,4008.3,35"
"7,4008.9,35"
"7,4008.9,35.1"
"7,4012.8,35.1"
"7,4012.8,36"
"7,4014.5,36"
"7,4014.5,38.5"
"7,4017.8,38.5"
"7,4017.8,39.5"
"7,4018.1,39.5"
"7,4018.1,40"
"7,4028.6,40"
"7,4028.6,40.5"
"7,4031.2,40.5"
"7,4031.2,42"
"7,4033.7,42"
"7,4033.7,43.5"
"7,4035.3,43.5"
"7,4035.3,44.5"
"7,4039.1,44.5"
"7,4039.1,45"
"7,4040,45"
"7,4040,45.1"
"7,4075.1,45.1"
"7,4075.1,47"
"7,4081.4,47"
"7,4081.4,47.5"
"7,4083.3,47.5"
"7,4083.3,48"
"7,4087.7,48"
"7,4087.7,49"
"7,4094.4,49"
"7,4094.4,50"
"7,4100.8,50"
"7,4100.8,50.1"
"7,4102.2,50.1"
"7,4102.2,50.5"
"7,4104.1,50.5"
"7,4104.1,53.1"
"7,4105.6,53.1"
"7,4105.6,54"
"7,4106.5,54"
"7,4106.5,55.1"
"7,4109.6,55.1"
"7,4109.6,56"
"7,4110.7,56"
"7,4110.7,57"
"7,4112.5,57"
"7,4112.5,60"
"7,4130.2,60"
"7,4135.2,60"
"7,4135.2,60.1"
"7,4147.2,60.1"
"7,4147.2,63"
"7,4156.1,63"
"7,4156.1,65"
"7,4181.1,65"
"7,4181.1,65.1"
"7,4182.9,65.1"
"7,4182.9,67"
"7,4185.8,67"
"7,4185.8,69"
"7,4190.8,69"
"7,4190.8,70"
"7,4218.6,70"
"7,4218.6,70.1"
"7,4248,70.1"
"7,4248,73"
"7,4249.1,73"
"7,4249.1,75"
"7,4251.3,75"
"7,4251.3,75.1"
"7,4251.9,75.1"
"7,4251.9,78"
"7,4253.8,78"
"7,4253.8,80"
"7,4268.8,80"
"7,4268.8,80.1"
"7,4280.3,80.1"
"7,4280.3,83"
"7,4281.2,83"
"7,4281.2,84.9"
"7,4284.3,84.9"
"7,4287.8,84.9"
"7,4287.8,85"
"7,4288.6,85"
"7,4288.6,86"
"7,4290,86"
"7,4290,87"
"7,4291.4,87"
"7,4291.4,89.9"
"7,4297.8,89.9"
"7,4297.8,90"
"7,4302.2,90"
"7,4302.2,90.1"
"7,4309.7,90.1"
"7,4309.7,94.9"
"7,4310.5,94.9"
"7,4310.5,98"
"7,4311.1,98"
"7,4311.1,99.9"
"7,4322.6,99.9"
"7,4324.9,99.9"
"7,4324.9,100"
"7,4339.2,100"
"7,4339.2,100.1"
"7,4381.1,100.1"
"7,4381.1,104.9"
"7,4385.2,104.9"
"7,4385.3,104.9"
"7,4385.3,105"
"7,4410.3,105"
"7,4410.3,109.9"
"7,4413.5,109.9"
"7,4413.5,114.9"
"7,4414.6,114.9"
"7,4414.6,119.9"
"7,4419.6,119.9"
"7,4419.6,124.9"
"7,4423.4,124.9"
"7,4423.4,129.9"
"7,4426.2,129.9"
"7,4426.2,134.9"
"7,4428.6,134.9"
"7,4428.6,139.9"
"7,4430.5,139.9"
"7,4430.5,144.9"
"7,4431.3,144.9"
"7,4431.3,145"
"7,4456.3,145"
"7,4456.3,149.9"
"7,4456.4,149.9"
"7,4456.4,150"
"7,4486.2,150"
"7,4486.2,150.1"
"7,4495.9,150.1"
"7,4495.9,154.9"
"7,4496.9,154.9"
"7,4496.9,159.9"
"7,4498.3,159.9"
"7,4498.3,164.9"
"7,4499.3,164.9"
"7,4499.3,174.9"
"7,4500.9,174.9"
"7,4500.9,194.9"
"7,4501.9,194.9"
"7,4501.9,195"
"7,4551.9,195"
"7,4551.9,200"
"7,4557.8,200"
"7,4557.8,200.1"
"7,4571.8,200.1"
"7,4571.8,245"
"7,4646.8,245"
"7,4646.8,299.9"
"7,4651.4,299.9"
"7,4651.4,300"
"7,4740.4,300"
"7,4740.4,300.1"
"7,4741.9,300.1"
"7,4741.9,399.9"
"7,4746.8,399.9"
"7,4746.8,499.9"
"7,4749.3,499.9"
"7,4749.3,799.9"
"7,4752.2,799.9"
"7,4752.2,999.9"
"7,4760.7,999.9"
"7,4764.5,999.9"
"7,4764.5,2500"
"7,4764.8,2500"
"7,4764.8,2999"
"7,4831.1,2999"
"7,4831.1,3000"
"8,3301.2,-500"
"8,3301.2,-200"
"8,3414.8,-200"
"8,3414.8,-150"
"8,3474.7,-150"
"8,3474.7,-100"
"8,3566.5,-100"
"8,3566.5,-44.7"
"8,3678.6,-44.7"
"8,3678.6,-20.1"
"8,3695.3,-20.1"
"8,3695.3,-10.1"
"8,3735.3,-10.1"
"8,3735.3,-0.5"
"8,3735.4,-0.5"
"8,3735.4,0.1"
"8,3784.6,0.1"
"8,3784.6,5.1"
"8,3786,5.1"
"8,3786,10.1"
"8,3793.1,10.1"
"8,3793.1,13.4"
"8,3803.2,13.4"
"8,3803.2,13.7"
"8,3813.3,13.7"
"8,3813.3,14.5"
"8,3823.4,14.5"
"8,3823.4,15"
"8,3824.4,15"
"8,3824.4,15.1"
"8,3827.4,15.1"
"8,3827.4,16.5"
"8,3841.4,16.5"
"8,3841.4,18.3"
"8,3851.5,18.3"
"8,3851.5,20"
"8,3851.6,20"
"8,3851.6,20.1"
"8,3857.8,20.1"
"8,3857.8,22.6"
"8,3860.4,22.6"
"8,3860.4,25"
"8,3861.5,25"
"8,3861.5,25.1"
"8,3865.8,25.1"
"8,3865.8,26"
"8,3875.9,26"
"8,3875.9,29"
"8,3886,29"
"8,3886,30.1"
"8,3889.2,30.1"
"8,3889.2,35"
"8,3890.4,35"
"8,3890.4,35.1"
"8,3891.8,35.1"
"8,3891.8,40.1"
"8,3910.7,40.1"
"8,3910.7,45.1"
"8,3913.8,45.1"
"8,3913.8,53.1"
"8,3917,53.1"
"8,3917,60.1"
"8,3921,60.1"
"8,3921,66"
"8,3926,66"
"8,3926,67"
"8,3926.9,67"
"8,3927.6,67"
"8,3927.6,68"
"8,3952.6,68"
"8,3952.6,69"
"8,3953.4,69"
"8,3953.4,70"
"8,3956.4,70"
"8,3956.4,70.1"
"8,3960.1,70.1"
"8,3960.1,73"
"8,3961.2,73"
"8,3961.2,75"
"8,3963,75"
"8,3963,75.1"
"8,3963.6,75.1"
"8,3963.6,76"
"8,3988.6,76"
"8,3988.6,78"
"8,3990.5,78"
"8,3990.5,80"
"8,4005.5,80"
"8,4005.5,80.1"
"8,4014.6,80.1"
"8,4014.6,83"
"8,4015.1,83"
"8,4015.1,85"
"8,4016,85"
"8,4016,85.1"
"8,4020,85.1"
"8,4020,86"
"8,4021.4,86"
"8,4021.4,87"
"8,4022.8,87"
"8,4022.8,90"
"8,4027.2,90"
"8,4027.2,90.1"
"8,4038.6,90.1"
"8,4038.6,98"
"8,4039.2,98"
"8,4039.2,99.9"
"8,4039.5,99.9"
"8,4044.4,99.9"
"8,4044.4,100"
"8,4057.9,100"
"8,4057.9,100.1"
"8,4083.6,100.1"
"8,4083.6,104.9"
"8,4089.6,104.9"
"8,4089.7,104.9"
"8,4089.7,108"
"8,4114.7,108"
"8,4114.7,109.9"
"8,4117.5,109.9"
"8,4117.5,114.9"
"8,4118.6,114.9"
"8,4118.6,119.9"
"8,4120.6,119.9"
"8,4120.6,124.9"
"8,4124.4,124.9"
"8,4124.4,129.9"
"8,4127.2,129.9"
"8,4127.2,134.9"
"8,4129.6,134.9"
"8,4129.6,144.9"
"8,4130.4,144.9"
"8,4130.4,148"
"8,4155.4,148"
"8,4155.4,149.9"
"8,4155.5,149.9"
"8,4155.5,150"
"8,4186.2,150"
"8,4186.2,150.1"
"8,4190.1,150.1"
"8,4190.1,154.9"
"8,4191.1,154.9"
"8,4191.1,159.9"
"8,4192.5,159.9"
"8,4192.5,164.9"
"8,4193.5,164.9"
"8,4193.5,174.9"
"8,4195.1,174.9"
"8,4195.1,194.9"
"8,4196.1,194.9"
"8,4196.1,198"
"8,4246.1,198"
"8,4246.1,199.9"
"8,4246.6,199.9"
"8,4246.6,200"
"8,4252.5,200"
"8,4252.5,200.1"
"8,4266.5,200.1"
"8,4266.5,248"
"8,4341.5,248"
"8,4341.5,299.9"
"8,4343.9,299.9"
"8,4343.9,300"
"8,4432.9,300"
"8,4432.9,300.1"
"8,4434.4,300.1"
"8,4434.4,399.9"
"8,4439.3,399.9"
"8,4439.3,499.9"
"8,4440.3,499.9"
"8,4440.3,799.9"
"8,4443.2,799.9"
"8,4443.2,999.9"
"8,4448.5,999.9"
"8,4452.3,999.9"
"8,4452.3,2500"
"8,4452.6,2500"
"8,4452.6,2999"
"8,4518.1,2999"
"8,4518.1,3000"
"9,3413.5,-500"
"9,3413.5,-450"
"9,3414.2,-450"
"9,3414.2,-200"
"9,3563.5,-200"
"9,3563.5,-150"
"9,3621.3,-150"
"9,3621.3,-100"
"9,3723.3,-100"
"9,3723.3,-44.7"
"9,3831.5,-44.7"
"9,3831.5,-25"
"9,3852.2,-25"
"9,3852.2,-15"
"9,3870.6,-15"
"9,3870.6,-10.1"
"9,3909.4,-10.1"
"9,3909.4,-10"
"9,3951.7,-10"
"9,3951.7,-5"
"9,3964.1,-5"
"9,3964.1,-2"
"9,3968.4,-2"
"9,3968.4,-0.5"
"9,3968.5,-0.5"
"9,3968.5,0"
"9,3968.8,0"
"9,3968.8,0.1"
"9,4045.4,0.1"
"9,4045.4,1"
"9,4074.7,1"
"9,4074.7,3.8"
"9,4075.8,3.8"
"9,4075.8,5"
"9,4086.3,5"
"9,4086.3,5.1"
"9,4087.7,5.1"
"9,4087.7,10"
"9,4124.4,10"
"9,4126.7,10"
"9,4126.7,10.1"
"9,4134.3,10.1"
"9,4134.3,11"
"9,4138.8,11"
"9,4138.8,12"
"9,4139.8,12"
"9,4139.8,13.4"
"9,4149.9,13.4"
"9,4149.9,13.7"
"9,4160,13.7"
"9,4160,14"
"9,4165,14"
"9,4165,14.5"
"9,4175.1,14.5"
"9,4175.1,15"
"9,4178.5,15"
"9,4178.5,15.1"
"9,4181.2,15.1"
"9,4181.2,16"
"9,4188.3,16"
"9,4188.3,16.5"
"9,4201.3,16.5"
"9,4201.3,18"
"9,4204.5,18"
"9,4204.5,18.2"
"9,4214.6,18.2"
"9,4214.6,19"
"9,4217.8,19"
"9,4217.8,20"
"9,4226,20"
"9,4226,20.1"
"9,4229,20.1"
"9,4229,21"
"9,4230.1,21"
"9,4230.1,22"
"9,4232.5,22"
"9,4232.5,25"
"9,4250.8,25"
"9,4250.8,26"
"9,4260.9,26"
"9,4260.9,29"
"9,4274.5,29"
"9,4274.5,29.5"
"9,4275.6,29.5"
"9,4275.6,30"
"9,4277.9,30"
"9,4277.9,30.1"
"9,4279.3,30.1"
"9,4279.3,33"
"9,4279.7,33"
"9,4279.7,34.5"
"9,4280.1,34.5"
"9,4280.1,35"
"9,4287.3,35"
"9,4287.3,35.1"
"9,4289.9,35.1"
"9,4289.9,35.5"
"9,4290.2,35.5"
"9,4290.2,36"
"9,4293.3,36"
"9,4293.3,39.5"
"9,4293.6,39.5"
"9,4293.6,40"
"9,4299.6,40"
"9,4299.6,40.1"
"9,4300.8,40.1"
"9,4300.8,43"
"9,4301.3,43"
"9,4301.3,44.5"
"9,4303.1,44.5"
"9,4303.1,45"
"9,4304.3,45"
"9,4304.3,45.1"
"9,4307.4,45.1"
"9,4307.4,48"
"9,4310.1,48"
"9,4310.1,50"
"9,4310.4,50"
"9,4310.4,50.1"
"9,4311.9,50.1"
"9,4311.9,54"
"9,4315.3,54"
"9,4315.3,55.1"
"9,4319.3,55.1"
"9,4319.3,57"
"9,4321.1,57"
"9,4321.1,59"
"9,4321.6,59"
"9,4321.6,60"
"9,4324.3,60"
"9,4324.3,60.1"
"9,4328.3,60.1"
"9,4328.3,63"
"9,4329,63"
"9,4329,65"
"9,4330.4,65"
"9,4330.4,66"
"9,4335.4,66"
"9,4335.4,67"
"9,4338.3,67"
"9,4338.3,69"
"9,4364.1,69"
"9,4364.1,70"
"9,4367.2,70"
"9,4367.2,70.1"
"9,4367.9,70.1"
"9,4367.9,75"
"9,4368.9,75"
"9,4368.9,75.1"
"9,4369.5,75.1"
"9,4369.5,76"
"9,4394.5,76"
"9,4394.5,78"
"9,4396.3,78"
"9,4396.3,80"
"9,4409.1,80"
"9,4409.1,80.1"
"9,4410.7,80.1"
"9,4410.7,83"
"9,4411.2,83"
"9,4411.2,85"
"9,4412.5,85"
"9,4412.5,86"
"9,4413.9,86"
"9,4413.9,87"
"9,4415.3,87"
"9,4415.3,88"
"9,4416,88"
"9,4416,90.1"
"9,4423.5,90.1"
"9,4423.5,98"
"9,4424.1,98"
"9,4424.1,100"
"9,4432.3,100"
"9,4432.3,100.1"
"9,4444.8,100.1"
"9,4444.8,109"
"9,4469.8,109"
"9,4469.8,149"
"9,4494.8,149"
"9,4494.8,150"
"9,4521.7,150"
"9,4521.7,150.1"
"9,4523.1,150.1"
"9,4523.1,199"
"9,4573.1,199"
"9,4573.1,200"
"9,4575.8,200"
"9,4575.8,200.1"
"9,4592.8,200.1"
"9,4592.8,249"
"9,4667.8,249"
"9,4667.8,300.1"
"9,4669.3,300.1"
"9,4669.3,2999"
"9,4734.2,2999"
"9,4734.2,3000"
"10,3326.7,-500"
"10,3326.7,-450"
"10,3333,-450"
"10,3333,-200"
"10,3498.2,-200"
"10,3498.2,-150"
"10,3555.4,-150"
"10,3555.4,-100"
"10,3688.6,-100"
"10,3688.6,-44.7"
"10,3795.7,-44.7"
"10,3795.7,-25"
"10,3852,-25"
"10,3852,-15"
"10,3875.1,-15"
"10,3875.1,-10.1"
"10,3925.5,-10.1"
"10,3925.5,-10"
"10,3969.9,-10"
"10,3969.9,-5"
"10,3987.7,-5"
"10,3987.7,-2"
"10,3996.4,-2"
"10,3996.4,-0.5"
"10,3996.5,-0.5"
"10,3996.5,0"
"10,3996.8,0"
"10,3997.2,0"
"10,3997.2,0.1"
"10,4076.9,0.1"
"10,4076.9,1"
"10,4099.6,1"
"10,4099.6,2"
"10,4119.6,2"
"10,4119.6,3.8"
"10,4120.8,3.8"
"10,4120.8,5"
"10,4133.9,5"
"10,4133.9,5.1"
"10,4135.3,5.1"
"10,4135.3,10"
"10,4167.6,10"
"10,4167.6,10.1"
"10,4177,10.1"
"10,4177,11"
"10,4179.9,11"
"10,4179.9,12"
"10,4181.9,12"
"10,4181.9,13.4"
"10,4191.9,13.4"
"10,4191.9,13.7"
"10,4201.9,13.7"
"10,4201.9,14"
"10,4209.6,14"
"10,4209.6,14.5"
"10,4219.6,14.5"
"10,4219.6,15"
"10,4228.1,15"
"10,4228.1,15.1"
"10,4232.2,15.1"
"10,4232.2,16"
"10,4239.3,16"
"10,4239.3,18"
"10,4254,18"
"10,4254,19"
"10,4254.8,19"
"10,4254.8,20"
"10,4261.4,20"
"10,4261.4,20.1"
"10,4261.8,20.1"
"10,4261.8,22"
"10,4264.2,22"
"10,4264.2,25"
"10,4283.1,25"
"10,4283.1,25.1"
"10,4284.2,25.1"
"10,4284.2,25.8"
"10,4294.2,25.8"
"10,4294.2,29"
"10,4305.3,29"
"10,4305.3,29.5"
"10,4306.4,29.5"
"10,4306.4,30"
"10,4307.7,30"
"10,4307.7,30.1"
"10,4309.4,30.1"
"10,4309.4,32.6"
"10,4310.6,32.6"
"10,4310.6,33"
"10,4311,33"
"10,4311,34"
"10,4311.5,34"
"10,4311.5,34.5"
"10,4312.2,34.5"
"10,4312.2,35"
"10,4317.4,35"
"10,4317.4,35.1"
"10,4320.2,35.1"
"10,4320.2,35.5"
"10,4320.5,35.5"
"10,4320.5,36"
"10,4323.6,36"
"10,4323.6,37"
"10,4363.6,37"
"10,4363.6,39.5"
"10,4363.9,39.5"
"10,4363.9,40"
"10,4369.6,40"
"10,4369.6,40.1"
"10,4370.3,40.1"
"10,4370.3,42"
"10,4390.3,42"
"10,4390.3,43"
"10,4390.8,43"
"10,4390.8,44.5"
"10,4392.7,44.5"
"10,4392.7,45"
"10,4393.8,45"
"10,4393.8,45.1"
"10,4396,45.1"
"10,4396,47"
"10,4406,47"
"10,4406,48"
"10,4408.7,48"
"10,4408.7,50"
"10,4409,50"
"10,4409,50.1"
"10,4410.5,50.1"
"10,4410.5,54"
"10,4412.2,54"
"10,4412.2,57"
"10,4422.2,57"
"10,4422.2,58"
"10,4427.2,58"
"10,4427.2,59"
"10,4427.7,59"
"10,4427.7,60"
"10,4430.4,60"
"10,4430.4,60.1"
"10,4434.4,60.1"
"10,4434.4,63"
"10,4435.1,63"
"10,4435.1,65"
"10,4436.5,65"
"10,4436.5,67"
"10,4439.4,67"
"10,4439.4,68"
"10,4489.4,68"
"10,4489.4,69"
"10,4492.6,69"
"10,4492.6,70"
"10,4495.6,70"
"10,4495.6,70.1"
"10,4496.3,70.1"
"10,4496.3,73"
"10,4498.2,73"
"10,4498.2,75"
"10,4499.2,75"
"10,4499.2,75.1"
"10,4499.8,75.1"
"10,4499.8,78"
"10,4501.6,78"
"10,4501.6,80"
"10,4513.6,80"
"10,4513.6,80.1"
"10,4515.2,80.1"
"10,4515.2,82"
"10,4525.2,82"
"10,4525.2,83"
"10,4525.7,83"
"10,4525.7,85"
"10,4527.1,85"
"10,4527.1,86"
"10,4528.5,86"
"10,4528.5,87"
"10,4529.9,87"
"10,4529.9,88"
"10,4530.6,88"
"10,4530.6,90.1"
"10,4535.4,90.1"
"10,4535.4,98"
"10,4536,98"
"104,536,100"
"10,4542.2,100"
"10,4542.2,100.1"
"10,4554.7,100.1"
"10,4554.7,108"
"10,4579.7,108"
"10,4579.7,148"
"10,4604.7,148"
"10,4604.7,150"
"10,4625.5,150"
"10,4625.5,150.1"
"10,4626.9,150.1"
"10,4626.9,198"
"10,4676.9,198"
"10,4676.9,200"
"10,4679.6,200"
"10,4679.6,200.1"
"10,4696.6,200.1"
"10,4696.6,248"
"10,4771.6,248"
"10,4771.6,300"
"10,4772.1,300"
"10,4772.1,300.1"
"10,4773.6,300.1"
"10,4773.6,2999"
"10,4838.3,2999"
"10,4838.3,3000"
"11,3508.9,-500"
"11,3508.9,-450"
"11,3522.6,-450"
"11,3522.6,-200"
"11,3730.8,-200"
"11,3730.8,-150"
"11,3787.4,-150"
"11,3787.4,-100"
"11,3930.8,-100"
"11,3930.8,-44.7"
"11,4036.9,-44.7"
"11,4036.9,-25"
"11,4091.1,-25"
"11,4091.1,-20.1"
"11,4097.6,-20.1"
"11,4097.6,-15"
"11,4122.8,-15"
"11,4122.8,-10.1"
"11,4180.5,-10.1"
"11,4180.5,-10"
"11,4241.9,-10"
"11,4241.9,-5"
"11,4259.7,-5"
"11,4259.7,-2"
"11,4272.4,-2"
"11,4272.4,-0.5"
"11,4272.5,-0.5"
"11,4272.5,0"
"11,4274,0"
"11,4274,0.1"
"11,4353.7,0.1"
"11,4353.7,1"
"11,4374,1"
"11,4374,3.8"
"11,4375.3,3.8"
"11,4375.3,5"
"11,4392.7,5"
"11,4392.7,5.1"
"11,4394.1,5.1"
"11,4394.1,10"
"11,4425.2,10"
"11,4425.2,10.1"
"11,4439,10.1"
"11,4439,11"
"11,4441,11"
"11,4441,12"
"11,4443,12"
"11,4443,13"
"11,4444.9,13"
"11,4444.9,13.4"
"11,4454.7,13.4"
"11,4454.7,13.8"
"11,4464.5,13.8"
"11,4464.5,14"
"11,4469.7,14"
"11,4469.7,14.5"
"11,4479.5,14.5"
"11,4479.5,15"
"11,4482.6,15"
"11,4482.6,15.1"
"11,4485.5,15.1"
"11,4485.5,16"
"11,4491,16"
"11,4491,17.8"
"11,4500.8,17.8"
"11,4500.8,18"
"11,4504.1,18"
"11,4504.1,19"
"11,4504.9,19"
"11,4504.9,20"
"11,4513,20"
"11,4513,20.1"
"11,4513.6,20.1"
"11,4513.6,22"
"11,4514.3,22"
"11,4514.3,25"
"11,4529.5,25"
"11,4529.5,25.1"
"11,4531.8,25.1"
"11,4531.8,25.5"
"11,4541.6,25.5"
"11,4541.6,29"
"11,4542.7,29"
"11,4542.7,29.1"
"11,4552.5,29.1"
"11,4552.5,29.5"
"11,4553.5,29.5"
"11,4553.5,30"
"11,4554.9,30"
"11,4554.9,30.1"
"11,4555.4,30.1"
"11,4555.4,32"
"11,4595.4,32"
"11,4595.4,33"
"11,4595.8,33"
"11,4595.8,34"
"11,4597.3,34"
"11,4597.3,34.5"
"11,4598,34.5"
"11,4598,35"
"11,4600.3,35"
"11,4600.3,35.1"
"11,4605.3,35.1"
"11,4605.3,36"
"11,4608.4,36"
"11,4608.4,37"
"11,4628.4,37"
"11,4628.4,39"
"11,4629.6,39"
"11,4629.6,39.5"
"11,4629.9,39.5"
"11,4629.9,40"
"11,4634.5,40"
"11,4634.5,40.1"
"11,4635.2,40.1"
"11,4635.2,42"
"11,4646,42"
"11,4646,43"
"11,4646.5,43"
"11,4646.5,44.5"
"11,4648.3,44.5"
"11,4648.3,45"
"11,4649.8,45"
"11,4649.8,48"
"11,4650.8,48"
"11,4650.8,50"
"11,4651,50"
"11,4651,50.1"
"11,4652.5,50.1"
"11,4652.5,52"
"11,4662.5,52"
"11,4662.5,54"
"11,4664.2,54"
"11,4664.2,55.1"
"11,4668.2,55.1"
"11,4668.2,58"
"11,4673.2,58"
"11,4673.2,59"
"11,4673.7,59"
"11,4673.7,60"
"11,4676.4,60"
"11,4676.4,63"
"11,4677.1,63"
"11,4677.1,65"
"11,4678.5,65"
"11,4678.5,67"
"11,4705.5,67"
"11,4705.5,68"
"11,4730.5,68"
"11,4730.5,69"
"11,4733.8,69"
"11,4733.8,70"
"11,4738.9,70"
"11,4738.9,70.1"
"11,4739.6,70.1"
"11,4739.6,73"
"11,4741.4,73"
"11,4741.4,75"
"11,4742.4,75"
"11,4742.4,75.1"
"11,4743,75.1"
"11,4743,77"
"11,4753,77"
"11,4753,78"
"11,4754.9,78"
"11,4754.9,80"
"11,4766.9,80"
"11,4766.9,80.1"
"11,4768.5,80.1"
"11,4768.5,83"
"11,4769,83"
"11,4769,85"
"11,4770.3,85"
"11,4770.3,86"
"11,4771.7,86"
"11,4771.7,87"
"11,4773.1,87"
"11,4773.1,88"
"11,4773.9,88"
"11,4773.9,90.1"
"11,4778.7,90.1"
"11,4778.7,98"
"11,4779.3,98"
"11,4779.3,100"
"11,4785.5,100"
"11,4785.5,100.1"
"11,4798.7,100.1"
"11,4798.7,107"
"11,4823.7,107"
"11,4823.7,147"
"11,4848.7,147"
"11,4848.7,150"
"11,4869.9,150"
"11,4869.9,150.1"
"11,4871.3,150.1"
"11,4871.3,197"
"11,4921.3,197"
"11,4921.3,200"
"114,924,200"
"114,924,200.10"
"114,938,200.10"
"114,938,247"
"115,013,247"
"115,013,300"
"11,5013.5,300"
"11,5013.5,300.1"
"115,015,300.10"
"1,150,152,500"
"11,5015.3,2500"
"11,5015.3,2999"
"11,5079.8,2999"
"11,5079.8,3000"
"12,3184.3,-500"
"12,3184.3,-450"
"12,3201,-450"
"12,3201,-200"
"12,3453.9,-200"
"12,3453.9,-150"
"12,3510.1,-150"
"12,3510.1,-100"
"12,3656.5,-100"
"12,3656.5,-44.7"
"12,3761.8,-44.7"
"12,3761.8,-25"
"12,3815.2,-25"
"12,3815.2,-20.1"
"12,3824.8,-20.1"
"12,3824.8,-15"
"12,3851,-15"
"12,3851,-10.1"
"12,3910.5,-10.1"
"12,3910.5,-10"
"12,3975.2,-10"
"12,3975.2,-5"
"12,3993.3,-5"
"12,3993.3,-2"
"12,4005.9,-2"
"12,4005.9,-0.5"
"12,4006,-0.5"
"12,4006,0"
"12,4008.9,0"
"12,4008.9,0.1"
"12,4091.6,0.1"
"12,4091.6,1"
"12,4114,1"
"12,4114,3.8"
"12,4115.3,3.8"
"12,4115.3,5"
"12,4134.5,5"
"12,4134.5,5.1"
"12,4135.9,5.1"
"12,4135.9,10"
"12,4157.7,10"
"12,4157.7,10.1"
"12,4164.8,10.1"
"12,4164.8,11"
"12,4166.8,11"
"12,4166.8,12"
"12,4168.8,12"
"12,4168.8,13.5"
"12,4178.5,13.5"
"12,4178.5,13.8"
"12,4188.2,13.8"
"12,4188.2,14"
"12,4193.5,14"
"12,4193.5,14.6"
"12,4203.2,14.6"
"12,4203.2,15"
"12,4208,15"
"12,4208,15.1"
"12,4210.7,15.1"
"12,4210.7,16"
"12,4216.1,16"
"12,4216.1,17.8"
"12,4225.8,17.8"
"12,4225.8,18"
"12,4230.1,18"
"12,4230.1,19"
"12,4270.9,19"
"12,4270.9,20"
"12,4290.5,20"
"12,4290.5,20.1"
"12,4292.3,20.1"
"12,4292.3,22"
"12,4292.4,22"
"12,4292.4,23"
"12,4293.8,23"
"12,4293.8,24"
"12,4313.8,24"
"12,4313.8,25"
"12,4318.3,25"
"12,4318.3,25.1"
"12,4319.4,25.1"
"12,4319.4,25.4"
"12,4329.1,25.4"
"12,4329.1,28"
"12,4329.5,28"
"12,4329.5,29"
"12,4342,29"
"12,4342,29.1"
"12,4351.7,29.1"
"12,4351.7,29.5"
"12,4354,29.5"
"12,4354,30"
"12,4356.6,30"
"12,4356.6,30.1"
"12,4357.1,30.1"
"12,4357.1,34"
"12,4357.2,34"
"12,4357.2,35.1"
"12,4362.2,35.1"
"12,4362.2,36"
"12,4363.9,36"
"12,4363.9,39"
"12,4373.9,39"
"12,4373.9,39.5"
"12,4374.2,39.5"
"12,4374.2,40"
"12,4378.4,40"
"12,4378.4,40.1"
"12,4379.1,40.1"
"12,4379.1,42"
"12,4379.9,42"
"12,4379.9,43"
"12,4380.4,43"
"12,4380.4,45"
"12,4381.5,45"
"12,4381.5,48"
"12,4382.5,48"
"12,4382.5,49"
"12,4383,49"
"12,4383,50"
"12,4383.3,50"
"12,4383.3,50.1"
"12,4384.8,50.1"
"12,4384.8,54"
"12,4386.4,54"
"12,4386.4,56"
"12,4391.4,56"
"12,4391.4,59"
"12,4391.9,59"
"12,4391.9,60"
"12,4394.6,60"
"12,4394.6,60.1"
"12,4398.6,60.1"
"12,4398.6,63"
"12,4399.3,63"
"12,4399.3,64"
"12,4409.3,64"
"12,4409.3,65"
"12,4410.7,65"
"12,4410.7,66"
"12,4460.7,66"
"12,4460.7,67"
"12,4462.7,67"
"12,4462.7,69"
"12,4466,69"
"12,4466,70"
"12,4468.7,70"
"12,4468.7,70.1"
"12,4469.4,70.1"
"12,4469.4,73"
"12,4471.3,73"
"12,4471.3,75"
"12,4473.5,75"
"12,4473.5,75.1"
"12,4474.1,75.1"
"12,4474.1,78"
"12,4476,78"
"12,4476,80"
"12,4488.5,80"
"12,4488.5,80.1"
"12,4490.1,80.1"
"12,4490.1,83"
"12,4493.8,83"
"12,4493.8,85"
"12,4494.7,85"
"12,4494.7,86"
"12,4496.1,86"
"12,4496.1,87"
"12,4497.5,87"
"12,4497.5,88"
"12,4498.2,88"
"12,4498.2,98"
"12,4498.8,98"
"12,4498.8,100"
"124,505,100"
"124,505,100.10"
"12,4518.2,100.1"
"12,4518.2,106"
"12,4543.2,106"
"12,4543.2,146"
"12,4568.2,146"
"12,4568.2,150"
"12,4592.3,150"
"12,4592.3,150.1"
"12,4593.7,150.1"
"12,4593.7,196"
"12,4643.7,196"
"12,4643.7,200"
"12,4646.4,200"
"12,4646.4,200.1"
"12,4660.4,200.1"
"12,4660.4,246"
"12,4735.4,246"
"12,4735.4,300"
"12,4735.9,300"
"12,4735.9,300.1"
"12,4737.4,300.1"
"12,4737.4,2500"
"12,4737.7,2500"
"12,4737.7,2999"
"12,4801.8,2999"
"12,4801.8,3000"
"13,3302.2,-500"
"13,3302.2,-450"
"13,3322.8,-450"
"13,3322.8,-200"
"13,3571.3,-200"
"13,3571.3,-150"
"13,3627,-150"
"13,3627,-100"
"13,3772.6,-100"
"13,3772.6,-44.7"
"13,3877,-44.7"
"13,3877,-25"
"13,3928.9,-25"
"13,3928.9,-20.1"
"13,3938.5,-20.1"
"13,3938.5,-15"
"13,3964.7,-15"
"13,3964.7,-10.1"
"13,4024.2,-10.1"
"13,4024.2,-10"
"13,4085.5,-10"
"13,4085.5,-5"
"13,4100.7,-5"
"13,4100.7,-2"
"13,4112.3,-2"
"13,4112.3,-0.5"
"13,4112.4,-0.5"
"13,4112.4,0"
"13,4115.3,0"
"13,4115.3,0.1"
"13,4184.8,0.1"
"13,4184.8,1"
"13,4207.2,1"
"13,4207.2,2"
"13,4237.2,2"
"13,4237.2,3.8"
"13,4238.4,3.8"
"13,4238.4,5"
"13,4258.7,5"
"13,4258.7,5.1"
"13,4260.1,5.1"
"13,4260.1,10"
"13,4280.7,10"
"13,4280.7,10.1"
"13,4287.8,10.1"
"13,4287.8,11"
"13,4289.8,11"
"13,4289.8,12"
"13,4293.8,12"
"13,4293.8,13.5"
"13,4303.4,13.5"
"13,4303.4,13.9"
"13,4313,13.9"
"13,4313,14"
"13,4318.3,14"
"13,4318.3,14.6"
"13,4327.9,14.6"
"13,4327.9,15"
"13,4332.7,15"
"13,4332.7,15.1"
"13,4334.8,15.1"
"13,4334.8,16"
"13,4335.8,16"
"13,4335.8,17"
"13,4375.8,17"
"13,4375.8,17.8"
"13,4385.4,17.8"
"13,4385.4,18"
"13,4388,18"
"13,4388,19"
"13,4389.9,19"
"13,4389.9,20"
"13,4409.6,20"
"13,4409.6,20.1"
"13,4410.2,20.1"
"13,4410.2,22"
"13,4430.2,22"
"13,4430.2,23"
"13,4431.6,23"
"13,4431.6,25"
"13,4433.2,25"
"13,4433.2,25.1"
"13,4434.3,25.1"
"13,4434.3,25.3"
"13,4443.9,25.3"
"13,4443.9,27"
"13,4453.9,27"
"13,4453.9,28"
"13,4454.3,28"
"13,4454.3,29"
"13,4465.4,29"
"13,4465.4,29.5"
"13,4467.7,29.5"
"13,4467.7,30"
"13,4470.3,30"
"13,4470.3,30.1"
"13,4470.8,30.1"
"13,4470.8,34"
"13,4470.9,34"
"13,4470.9,35.1"
"13,4475.9,35.1"
"13,4475.9,36"
"13,4477.6,36"
"13,4477.6,37"
"13,4487.6,37"
"13,4487.6,39.5"
"13,4487.9,39.5"
"13,4487.9,40"
"13,4492.1,40"
"13,4492.1,40.1"
"13,4492.8,40.1"
"13,4492.8,42"
"13,4493.6,42"
"13,4493.6,43"
"13,4494.1,43"
"13,4494.1,45"
"13,4495.2,45"
"13,4495.2,45.1"
"13,4508.4,45.1"
"13,4508.4,48"
"13,4509.4,48"
"13,4509.4,49"
"13,4509.9,49"
"13,4509.9,50"
"13,4510.2,50"
"13,4510.2,50.1"
"13,4511.7,50.1"
"13,4511.7,54"
"13,4513.3,54"
"13,4518.3,54"
"13,4518.3,55.1"
"13,4522.3,55.1"
"13,4522.3,59"
"13,4522.8,59"
"13,4522.8,60"
"13,4525.5,60"
"13,4525.5,62"
"13,4535.5,62"
"13,4535.5,63"
"13,4536.2,63"
"13,4536.2,64"
"13,4561.2,64"
"13,4561.2,65"
"13,4564.8,65"
"13,4564.8,66"
"13,4589.8,66"
"13,4589.8,67"
"13,4591.8,67"
"13,4591.8,69"
"13,4595.1,69"
"13,4595.1,70"
"13,4597.8,70"
"13,4597.8,70.1"
"13,4598.5,70.1"
"13,4598.5,73"
"13,4601.4,73"
"13,4601.4,75"
"13,4603.7,75"
"13,4603.7,75.1"
"13,4604.3,75.1"
"13,4604.3,78"
"13,4606.1,78"
"13,4606.1,80"
"13,4621.7,80"
"13,4621.7,80.1"
"13,4625.1,80.1"
"13,4625.1,83"
"13,4628,83"
"13,4628,85"
"13,4628.8,85"
"13,4628.8,86"
"13,4630.2,86"
"13,4630.2,87"
"13,4631.6,87"
"13,4631.6,88"
"13,4633.2,88"
"13,4633.2,98"
"13,4633.8,98"
"13,4633.8,100"
"134,640,100"
"134,640,100.10"
"13,4653.2,100.1"
"13,4653.2,106"
"13,4678.2,106"
"13,4678.2,146"
"13,4703.2,146"
"13,4703.2,150"
"13,4730.2,150"
"13,4730.2,150.1"
"13,4731.6,150.1"
"13,4731.6,196"
"13,4781.6,196"
"13,4781.6,200"
"13,4784.3,200"
"13,4784.3,200.1"
"13,4798.3,200.1"
"13,4798.3,246"
"13,4873.3,246"
"13,4873.3,300"
"13,4873.8,300"
"13,4873.8,300.1"
"13,4875.3,300.1"
"13,4875.3,2500"
"13,4875.6,2500"
"13,4875.6,2999"
"13,4939.4,2999"
"13,4939.4,3000"
"14,3158.7,-500"
"14,3158.7,-450"
"14,3180.3,-450"
"14,3180.3,-200"
"14,3420.8,-200"
"14,3420.8,-150"
"14,3476.6,-150"
"14,3476.6,-100"
"14,3626.6,-100"
"14,3626.6,-44.7"
"14,3731.1,-44.7"
"14,3731.1,-25"
"14,3788.2,-25"
"14,3788.2,-20.1"
"14,3797.1,-20.1"
"14,3797.1,-15"
"14,3822,-15"
"14,3822,-10.1"
"14,3881.5,-10.1"
"14,3881.5,-10"
"14,3945.9,-10"
"14,3945.9,-5"
"14,3961,-5"
"14,3961,-2"
"14,3969.6,-2"
"14,3969.6,-0.5"
"14,3969.7,-0.5"
"14,3969.7,0"
"14,3972.6,0"
"14,3972.6,0.1"
"14,4042.1,0.1"
"14,4042.1,1"
"14,4064.5,1"
"14,4064.5,2"
"14,4094.5,2"
"14,4094.5,3.8"
"14,4095.6,3.8"
"14,4095.6,5"
"14,4115.9,5"
"14,4115.9,5.1"
"14,4117.3,5.1"
"14,4117.3,10"
"14,4137.9,10"
"14,4137.9,10.1"
"14,4145.7,10.1"
"14,4145.7,11"
"14,4147.7,11"
"14,4147.7,12"
"14,4153,12"
"14,4153,13.5"
"14,4162.5,13.5"
"14,4162.5,13.9"
"14,4172,13.9"
"14,4172,14"
"14,4175.5,14"
"14,4175.5,14.6"
"14,4185,14.6"
"14,4185,15"
"14,4189.8,15"
"14,4189.8,15.1"
"14,4191.9,15.1"
"14,4191.9,16"
"14,4192.9,16"
"14,4192.9,17"
"14,4232.9,17"
"14,4232.9,17.7"
"14,4242.4,17.7"
"14,4242.4,18"
"14,4244.9,18"
"14,4244.9,19"
"14,4246.9,19"
"14,4246.9,20"
"14,4266.6,20"
"14,4266.6,20.1"
"14,4267.2,20.1"
"14,4267.2,22"
"14,4287.2,22"
"14,4287.2,23"
"14,4288.6,23"
"14,4288.6,25"
"14,4289.6,25"
"14,4289.6,25.2"
"14,4299.1,25.2"
"14,4299.1,27"
"14,4309.1,27"
"14,4309.1,28"
"14,4309.5,28"
"14,4309.5,29"
"14,4320.5,29"
"14,4320.5,29.5"
"14,4322.7,29.5"
"14,4322.7,30"
"14,4325.4,30"
"14,4325.4,30.1"
"14,4325.9,30.1"
"14,4325.9,35.1"
"14,4332,35.1"
"14,4332,36"
"14,4333.7,36"
"14,4333.7,37"
"14,4343.7,37"
"14,4343.7,39.5"
"14,4344,39.5"
"14,4344,40"
"14,4348.2,40"
"14,4348.2,40.1"
"14,4348.9,40.1"
"14,4348.9,42"
"14,4349.8,42"
"14,4349.8,43"
"14,4350.2,43"
"14,4350.2,45"
"14,4351.4,45"
"14,4351.4,45.1"
"14,4364.6,45.1"
"14,4364.6,45.5"
"14,4366.4,45.5"
"14,4366.4,48"
"14,4367.3,48"
"14,4367.3,49"
"14,4367.8,49"
"14,4367.8,50"
"14,4368.1,50"
"14,4373.1,50"
"14,4373.1,50.1"
"14,4374.6,50.1"
"14,4374.6,54"
"14,4376.3,54"
"14,4376.3,59"
"14,4376.8,59"
"14,4376.8,60"
"14,4404.5,60"
"14,4404.5,62"
"14,4414.5,62"
"14,4414.5,63"
"14,4416,63"
"14,4416,65"
"14,4419.6,65"
"14,4419.6,66"
"14,4444.6,66"
"14,4444.6,67"
"14,4446.6,67"
"14,4446.6,69"
"14,4449.8,69"
"14,4449.8,70"
"14,4452.6,70"
"14,4452.6,70.1"
"14,4457.3,70.1"
"14,4457.3,73"
"14,4460.2,73"
"14,4460.2,75"
"14,4462.4,75"
"14,4462.4,75.1"
"14,4463,75.1"
"14,4463,78"
"14,4464.9,78"
"14,4464.9,80"
"14,4480.4,80"
"14,4480.4,80.1"
"14,4483.8,80.1"
"14,4483.8,83"
"14,4484.3,83"
"14,4484.3,85"
"14,4485.2,85"
"14,4485.2,86"
"14,4486.6,86"
"14,4486.6,87"
"14,4488,87"
"14,4488,88"
"14,4489.5,88"
"14,4489.5,98"
"14,4490.1,98"
"14,4490.1,100"
"14,4493.4,100"
"14,4493.4,100.1"
"14,4506.6,100.1"
"14,4506.6,106"
"14,4531.6,106"
"14,4531.6,146"
"14,4556.6,146"
"14,4556.6,150"
"14,4582.9,150"
"14,4582.9,150.1"
"14,4584.3,150.1"
"14,4584.3,196"
"14,4634.3,196"
"14,4634.3,200"
"14,4637.1,200"
"14,4637.1,200.1"
"14,4651.1,200.1"
"14,4651.1,246"
"14,4726.1,246"
"14,4726.1,300"
"14,4726.6,300"
"14,4726.6,300.1"
"14,4728.1,300.1"
"14,4728.1,2500"
"14,4728.4,2500"
"14,4728.4,2999"
"14,4792.4,2999"
"14,4792.4,3000"
"15,3186.6,-500"
"15,3186.6,-450"
"15,3208.2,-450"
"15,3208.2,-200"
"15,3440.1,-200"
"15,3440.1,-150"
"15,3496.3,-150"
"15,3496.3,-100"
"15,3635.6,-100"
"15,3635.6,-44.7"
"15,3740.8,-44.7"
"15,3740.8,-25"
"15,3794.7,-25"
"15,3794.7,-20.1"
"15,3811.1,-20.1"
"15,3811.1,-15"
"15,3836,-15"
"15,3836,-10.1"
"15,3887.7,-10.1"
"15,3887.7,-10"
"15,3952.1,-10"
"15,3952.1,-5"
"15,3968.3,-5"
"15,3968.3,-2"
"15,3976.2,-2"
"15,3976.2,-0.5"
"15,3976.3,-0.5"
"15,3976.3,0"
"15,3979.2,0"
"15,3979.2,0.1"
"15,4048.7,0.1"
"15,4048.7,1"
"15,4071,1"
"15,4071,2"
"15,4081,2"
"15,4081,3.8"
"15,4082.1,3.8"
"15,4082.1,5"
"15,4100.6,5"
"15,4100.6,5.1"
"15,4102,5.1"
"15,4102,10"
"15,4121.2,10"
"15,4121.2,10.1"
"15,4129,10.1"
"15,4129,12"
"15,4134.3,12"
"15,4134.3,13.5"
"15,4143.8,13.5"
"15,4143.8,13.9"
"15,4153.3,13.9"
"15,4153.3,14"
"15,4156.7,14"
"15,4156.7,14.6"
"15,4166.2,14.6"
"15,4166.2,15"
"15,4171,15"
"15,4171,15.1"
"15,4173.1,15.1"
"15,4173.1,16"
"15,4174.1,16"
"15,4174.1,17"
"15,4214.1,17"
"15,4214.1,17.6"
"15,4223.6,17.6"
"15,4223.6,18"
"15,4226.2,18"
"15,4226.2,19"
"15,4227.1,19"
"15,4227.1,20"
"15,4246.8,20"
"15,4246.8,20.1"
"15,4247.4,20.1"
"15,4247.4,22"
"15,4267.4,22"
"15,4267.4,23"
"15,4268.8,23"
"15,4268.8,25"
"15,4269.8,25"
"15,4269.8,25.2"
"15,4279.3,25.2"
"15,4279.3,26"
"15,4280.2,26"
"15,4280.2,27"
"15,4290.2,27"
"15,4290.2,28"
"15,4290.6,28"
"15,4290.6,29"
"15,4304,29"
"15,4304,29.5"
"15,4306.2,29.5"
"15,4306.2,30"
"15,4308.9,30"
"15,4308.9,30.1"
"15,4309.4,30.1"
"15,4309.4,33.5"
"15,4311.2,33.5"
"15,4311.2,35.1"
"15,4317.3,35.1"
"15,4317.3,36"
"15,4319,36"
"15,4319,37"
"15,4329,37"
"15,4329,39.5"
"15,4329.3,39.5"
"15,4329.3,40"
"15,4333.5,40"
"15,4333.5,40.1"
"15,4334.2,40.1"
"15,4334.2,42"
"15,4335.1,42"
"15,4335.1,43"
"15,4335.5,43"
"15,4335.5,44.5"
"15,4337.5,44.5"
"15,4337.5,45"
"15,4338.7,45"
"15,4338.7,45.1"
"15,4351.9,45.1"
"15,4351.9,45.5"
"15,4353.7,45.5"
"15,4353.7,48"
"15,4354.6,48"
"15,4354.6,49"
"15,4355.1,49"
"15,4355.1,50"
"15,4355.4,50"
"15,4360.4,50"
"15,4360.4,50.1"
"15,4361.9,50.1"
"15,4361.9,54"
"15,4363.6,54"
"15,4363.6,55.1"
"15,4367.6,55.1"
"15,4367.6,59"
"15,4368.1,59"
"15,4368.1,60"
"15,4395.8,60"
"15,4395.8,62"
"15,4405.8,62"
"15,4405.8,63"
"15,4409.5,63"
"15,4409.5,65"
"15,4435.9,65"
"15,4435.9,67"
"15,4437.9,67"
"15,4437.9,69"
"15,4441.1,69"
"15,4441.1,70"
"15,4443.9,70"
"15,4443.9,70.1"
"15,4444.6,70.1"
"15,4444.6,73"
"15,4447.5,73"
"15,4447.5,75"
"15,4449.7,75"
"15,4449.7,75.1"
"15,4450.3,75.1"
"15,4450.3,78"
"15,4452.2,78"
"15,4452.2,80"
"15,4468.5,80"
"15,4468.5,80.1"
"15,4470.1,80.1"
"15,4470.1,83"
"15,4471.5,83"
"15,4471.5,85"
"15,4472.3,85"
"15,4472.3,86"
"15,4473.7,86"
"15,4473.7,87"
"15,4475.1,87"
"15,4475.1,88"
"15,4475.8,88"
"15,4475.8,95.1"
"15,4477.6,95.1"
"15,4477.6,98"
"15,4478.2,98"
"15,4478.2,100"
"15,4481.5,100"
"15,4481.5,100.1"
"15,4494.7,100.1"
"15,4494.7,105"
"15,4519.7,105"
"15,4519.7,145"
"15,4544.7,145"
"15,4544.7,150"
"15,4572.3,150"
"15,4572.3,150.1"
"15,4573.7,150.1"
"15,4573.7,195"
"15,4623.7,195"
"15,4623.7,200"
"15,4626.5,200"
"15,4626.5,200.1"
"15,4640.5,200.1"
"15,4640.5,245"
"15,4715.5,245"
"15,4715.5,300"
"154,716,300"
"154,716,300.10"
"15,4717.5,300.1"
"15,4717.5,2500"
"15,4717.8,2500"
"15,4717.8,2999"
"15,4782.2,2999"
"15,4782.2,3000"
"16,3049.4,-500"
"16,3049.4,-450"
"16,3068.9,-450"
"16,3068.9,-200"
"16,3274.5,-200"
"16,3274.5,-150"
"16,3331.2,-150"
"16,3331.2,-100"
"16,3479.7,-100"
"16,3479.7,-44.7"
"16,3585.9,-44.7"
"16,3585.9,-25"
"16,3640.7,-25"
"16,3640.7,-20.1"
"16,3659.2,-20.1"
"16,3659.2,-15"
"16,3682.3,-15"
"16,3682.3,-10.1"
"16,3731.9,-10.1"
"16,3731.9,-10"
"16,3796.3,-10"
"16,3796.3,-5"
"16,3812.5,-5"
"16,3812.5,-2"
"16,3819.3,-2"
"16,3819.3,-0.5"
"16,3819.4,-0.5"
"16,3819.4,0"
"16,3822.3,0"
"16,3822.3,0.1"
"16,3891.8,0.1"
"16,3891.8,1"
"16,3914.1,1"
"16,3914.1,3.8"
"16,3915.2,3.8"
"16,3915.2,5"
"16,3933.7,5"
"16,3933.7,5.1"
"16,3935.1,5.1"
"16,3935.1,10"
"16,3957.9,10"
"16,3957.9,10.1"
"16,3965.7,10.1"
"16,3965.7,12"
"16,3970.9,12"
"16,3970.9,13.5"
"16,3980.3,13.5"
"16,3980.3,13.9"
"16,3989.7,13.9"
"16,3989.7,14"
"16,3993.2,14"
"16,3993.2,14.7"
"16,4002.6,14.7"
"16,4002.6,15"
"16,4007.4,15"
"16,4007.4,15.1"
"16,4009.5,15.1"
"16,4009.5,16"
"16,4010.5,16"
"16,4010.5,17"
"16,4050.5,17"
"16,4050.5,17.6"
"16,4059.9,17.6"
"16,4059.9,18"
"16,4062.5,18"
"16,4062.5,19"
"16,4063.3,19"
"16,4063.3,20"
"16,4081.9,20"
"16,4081.9,20.1"
"16,4082,20.1"
"16,4082,22"
"16,4102,22"
"16,4102,23"
"16,4103.4,23"
"16,4103.4,25"
"16,4104.4,25"
"16,4104.4,25.2"
"16,4113.8,25.2"
"16,4113.8,27"
"16,4123.8,27"
"16,4123.8,28"
"16,4124.2,28"
"16,4124.2,29"
"16,4135.1,29"
"16,4135.1,29.5"
"16,4137.4,29.5"
"16,4137.4,30"
"16,4139.8,30"
"16,4139.8,30.1"
"16,4140.3,30.1"
"16,4140.3,33.5"
"16,4142.1,33.5"
"16,4142.1,35.1"
"16,4148.2,35.1"
"16,4148.2,36"
"16,4149.9,36"
"16,4149.9,37"
"16,4159.9,37"
"16,4159.9,38.5"
"16,4160.9,38.5"
"16,4160.9,39.5"
"16,4161.2,39.5"
"16,4161.2,40"
"16,4165.4,40"
"16,4165.4,40.1"
"16,4165.9,40.1"
"16,4165.9,42"
"16,4166.7,42"
"16,4166.7,43"
"16,4167.2,43"
"16,4167.2,43.5"
"16,4167.5,43.5"
"16,4167.5,44.5"
"16,4169.5,44.5"
"16,4169.5,45"
"16,4170.6,45"
"16,4170.6,45.1"
"16,4184.5,45.1"
"16,4184.5,45.5"
"16,4186.3,45.5"
"16,4186.3,48"
"16,4187.3,48"
"16,4192.3,48"
"16,4192.3,50"
"16,4193.7,50"
"16,4193.7,50.1"
"16,4195.2,50.1"
"16,4195.2,53.1"
"16,4199.2,53.1"
"16,4199.2,54"
"16,4200.9,54"
"16,4200.9,58"
"16,4225.9,58"
"16,4225.9,59"
"16,4226.4,59"
"16,4226.4,60"
"16,4229.3,60"
"16,4229.3,62"
"16,4239.3,62"
"16,4239.3,63"
"16,4240.8,63"
"16,4240.8,65"
"16,4267.2,65"
"16,4267.2,67"
"16,4269.2,67"
"16,4269.2,69"
"16,4272.5,69"
"16,4272.5,70"
"16,4275.2,70"
"16,4275.2,70.1"
"16,4275.9,70.1"
"16,4275.9,73"
"16,4278.8,73"
"16,4278.8,75"
"16,4281.1,75"
"16,4281.1,75.1"
"16,4281.7,75.1"
"16,4281.7,78"
"16,4283.5,78"
"16,4283.5,80"
"16,4299.8,80"
"16,4299.8,80.1"
"16,4301.4,80.1"
"16,4301.4,83"
"16,4301.9,83"
"16,4301.9,85"
"16,4302.8,85"
"16,4302.8,86"
"16,4304.2,86"
"16,4304.2,87"
"16,4305.6,87"
"16,4305.6,88"
"16,4306.3,88"
"16,4306.3,98"
"16,4306.9,98"
"16,4306.9,100"
"16,4310.1,100"
"16,4310.1,100.1"
"16,4325.1,100.1"
"16,4325.1,105"
"16,4350.1,105"
"16,4350.1,145"
"16,4375.1,145"
"16,4375.1,150"
"16,4403.7,150"
"16,4403.7,150.1"
"16,4405.1,150.1"
"16,4405.1,195"
"16,4455.1,195"
"16,4455.1,200"
"16,4457.8,200"
"16,4457.8,200.1"
"16,4471.8,200.1"
"16,4471.8,245"
"16,4546.8,245"
"16,4546.8,300"
"16,4547.3,300"
"16,4547.3,300.1"
"16,4548.8,300.1"
"16,4548.8,2500"
"16,4549.1,2500"
"16,4549.1,2999"
"16,4612.2,2999"
"16,4612.2,3000"
"17,3048.2,-500"
"17,3048.2,-450"
"17,3061.9,-450"
"17,3061.9,-200"
"17,3222.1,-200"
"17,3222.1,-150"
"17,3280.6,-150"
"17,3280.6,-100"
"17,3398.2,-100"
"17,3398.2,-44.7"
"17,3507.8,-44.7"
"17,3507.8,-25"
"17,3567.5,-25"
"17,3567.5,-15"
"17,3585.8,-15"
"17,3585.8,-10.1"
"17,3652.9,-10.1"
"17,3652.9,-10"
"17,3717.3,-10"
"17,3717.3,-5"
"17,3728.8,-5"
"17,3728.8,-2"
"17,3736.1,-2"
"17,3736.1,-0.5"
"17,3736.2,-0.5"
"17,3736.2,0"
"17,3737.9,0"
"17,3737.9,0.1"
"17,3797.5,0.1"
"17,3797.5,1"
"17,3825.8,1"
"17,3825.8,3.8"
"17,3826.9,3.8"
"17,3826.9,5"
"17,3840.6,5"
"17,3840.6,5.1"
"17,3842,5.1"
"17,3842,10"
"17,3863.5,10"
"17,3863.7,10"
"17,3863.7,10.1"
"17,3870.8,10.1"
"17,3870.8,12"
"17,3876.1,12"
"17,3876.1,13"
"17,3877.5,13"
"17,3877.5,13.5"
"17,3886.9,13.5"
"17,3886.9,13.9"
"17,3896.3,13.9"
"17,3896.3,14"
"17,3901.5,14"
"17,3901.5,14.7"
"17,3910.9,14.7"
"17,3910.9,15"
"17,3915.2,15"
"17,3915.2,15.1"
"17,3917.3,15.1"
"17,3917.3,16"
"17,3918.3,16"
"17,3918.3,17.5"
"17,3927.7,17.5"
"17,3927.7,18"
"17,3930.3,18"
"17,3930.3,19"
"17,3931.1,19"
"17,3931.1,20"
"17,3948.1,20"
"17,3948.1,20.1"
"17,3961.1,20.1"
"17,3961.1,23"
"17,3962.5,23"
"17,3962.5,25"
"17,3963.5,25"
"17,3963.5,25.2"
"17,3972.9,25.2"
"17,3972.9,26"
"17,4012.9,26"
"17,4012.9,28"
"17,4013.3,28"
"17,4013.3,29"
"17,4024.2,29"
"17,4024.2,29.5"
"17,4026.5,29.5"
"17,4026.5,30"
"17,4028.9,30"
"17,4028.9,30.1"
"17,4029.4,30.1"
"17,4029.4,31"
"17,4049.4,31"
"17,4049.4,35.1"
"17,4054.3,35.1"
"17,4054.3,36"
"17,4066,36"
"17,4066,38.5"
"17,4066.1,38.5"
"17,4066.1,39.5"
"17,4066.4,39.5"
"17,4066.4,40"
"17,4070.6,40"
"17,4070.6,42"
"17,4071.4,42"
"17,4071.4,43"
"17,4071.9,43"
"17,4071.9,43.5"
"17,4072.2,43.5"
"17,4072.2,44.5"
"17,4076,44.5"
"17,4076,45"
"17,4077.2,45"
"17,4077.2,45.1"
"17,4091.1,45.1"
"17,4091.1,46"
"17,4101.1,46"
"17,4101.1,47"
"17,4102,47"
"17,4102,48"
"17,4103,48"
"17,4103,49.5"
"17,4104.8,49.5"
"17,4104.8,50"
"17,4106.2,50"
"17,4111.2,50"
"17,4111.2,50.1"
"17,4112.7,50.1"
"17,4112.7,54"
"17,4114.4,54"
"17,4114.4,55.1"
"17,4118.4,55.1"
"17,4118.4,59"
"17,4118.9,59"
"17,4118.9,60"
"17,4146.7,60"
"17,4146.7,63"
"17,4148.3,63"
"17,4148.3,65"
"17,4149.7,65"
"17,4149.7,66"
"17,4174.7,66"
"17,4174.7,67"
"17,4176.7,67"
"17,4176.7,69"
"17,4179.9,69"
"17,4179.9,70"
"17,4182.7,70"
"17,4182.7,70.1"
"17,4183.4,70.1"
"17,4183.4,71"
"17,4193.4,71"
"17,4193.4,73"
"17,4196.3,73"
"17,4196.3,75"
"17,4198.5,75"
"17,4198.5,75.1"
"17,4199.1,75.1"
"17,4199.1,78"
"17,4201,78"
"17,4201,80"
"17,4216.5,80"
"17,4216.5,80.1"
"17,4218.1,80.1"
"17,4218.1,83"
"17,4218.6,83"
"17,4218.6,85"
"17,4219.5,85"
"17,4219.5,86"
"17,4220.9,86"
"17,4220.9,87"
"17,4222.3,87"
"17,4222.3,88"
"17,4223,88"
"17,4223,90.1"
"17,4224.8,90.1"
"17,4224.8,98"
"17,4225.4,98"
"17,4225.4,100"
"17,4228.6,100"
"17,4228.6,100.1"
"17,4241.3,100.1"
"17,4241.3,106"
"17,4266.3,106"
"17,4266.3,146"
"17,4291.3,146"
"17,4291.3,150"
"17,4319.9,150"
"17,4319.9,150.1"
"17,4321.3,150.1"
"17,4321.3,196"
"17,4371.3,196"
"17,4371.3,200"
"174,374,200"
"174,374,200.10"
"174,388,200.10"
"174,388,246"
"174,463,246"
"174,463,300"
"17,4463.5,300"
"17,4463.5,300.1"
"174,465,300.10"
"1,744,652,500"
"17,4465.3,2500"
"17,4465.3,2999"
"17,4529.1,2999"
"17,4529.1,3000"
"18,2394.2,-500"
"18,2394.2,-450"
"18,2399.7,-450"
"18,2399.7,-200"
"18,2479.6,-200"
"18,2479.6,-150"
"18,2538.8,-150"
"18,2538.8,-100"
"18,2642.7,-100"
"18,2642.7,-44.7"
"18,2753.6,-44.7"
"18,2753.6,-10.1"
"18,2805.5,-10.1"
"18,2805.5,-10"
"18,2819.1,-10"
"18,2819.1,-5"
"18,2832.1,-5"
"18,2832.1,-2"
"18,2840.9,-2"
"18,2840.9,-0.5"
"18,2841,-0.5"
"18,2841,0"
"18,2842.7,0"
"18,2842.7,0.1"
"18,2899.3,0.1"
"18,2899.3,1"
"18,2920.6,1"
"18,2920.6,3.8"
"18,2921.6,3.8"
"18,2921.6,5"
"18,2938.6,5"
"18,2938.6,5.1"
"18,2940,5.1"
"18,2940,10"
"18,2959.5,10"
"18,2959.5,10.1"
"18,2965.9,10.1"
"18,2965.9,11"
"18,2968.4,11"
"18,2968.4,12"
"18,2973.5,12"
"18,2973.5,13"
"18,2974.9,13"
"18,2974.9,13.5"
"18,2984.3,13.5"
"18,2984.3,13.9"
"18,2993.7,13.9"
"18,2993.7,14"
"18,2997.5,14"
"18,2997.5,14.7"
"18,3006.9,14.7"
"18,3006.9,15"
"18,3009.6,15"
"18,3009.6,15.1"
"18,3010.5,15.1"
"18,3010.5,16"
"18,3014.5,16"
"18,3014.5,17.5"
"18,3023.9,17.5"
"18,3023.9,19"
"18,3024.8,19"
"18,3024.8,20"
"18,3030.6,20"
"18,3032.3,20"
"18,3032.3,20.1"
"18,3045.3,20.1"
"18,3045.3,23"
"18,3047.7,23"
"18,3047.7,25"
"18,3050.3,25"
"18,3050.3,25.1"
"18,3051.5,25.1"
"18,3051.5,25.2"
"18,3060.9,25.2"
"18,3060.9,26"
"18,3061.9,26"
"18,3061.9,28"
"18,3063.4,28"
"18,3063.4,29"
"18,3074.3,29"
"18,3074.3,29.5"
"18,3079.5,29.5"
"18,3079.5,30"
"18,3088.6,30"
"18,3088.6,30.1"
"18,3089.4,30.1"
"18,3089.4,32"
"18,3129.4,32"
"18,3129.4,34"
"18,3129.5,34"
"18,3129.5,34.5"
"18,3131,34.5"
"18,3131,35"
"18,3134.2,35"
"18,3134.2,35.1"
"18,3134.7,35.1"
"18,3134.7,36"
"18,3136.4,36"
"18,3136.4,37"
"18,3156.4,37"
"18,3156.4,38.5"
"18,3156.5,38.5"
"18,3156.5,39.5"
"18,3156.8,39.5"
"18,3156.8,40"
"18,3161,40"
"18,3161,40.1"
"18,3164.3,40.1"
"18,3164.3,42"
"18,3174.3,42"
"18,3174.3,43"
"18,3174.7,43"
"18,3174.7,43.5"
"18,3175,43.5"
"18,3175,44.5"
"18,3178.9,44.5"
"18,3178.9,45"
"18,3180,45"
"18,3180,45.1"
"18,3193.9,45.1"
"18,3193.9,48"
"18,3194.9,48"
"18,3194.9,50"
"18,3195.2,50"
"18,3195.2,50.1"
"18,3196.7,50.1"
"18,3196.7,52"
"18,3206.7,52"
"18,3206.7,54"
"18,3207.8,54"
"18,3212.8,54"
"18,3212.8,59"
"18,3213.9,59"
"18,3213.9,60"
"18,3217.7,60"
"18,3217.7,60.1"
"18,3221.7,60.1"
"18,3221.7,63"
"18,3222.4,63"
"18,3222.4,64"
"18,3247.4,64"
"18,3247.4,65"
"18,3249,65"
"18,3249,67"
"18,3251,67"
"18,3251,69"
"18,3254.2,69"
"18,3254.2,70"
"18,3281.9,70"
"18,3281.9,70.1"
"18,3282.6,70.1"
"18,3282.6,73"
"18,3285.5,73"
"18,3285.5,75"
"18,3287.8,75"
"18,3287.8,75.1"
"18,3288.4,75.1"
"18,3288.4,77"
"18,3298.4,77"
"18,3298.4,78"
"18,3300.2,78"
"18,3300.2,80"
"18,3315.3,80"
"18,3315.3,80.1"
"18,3316.9,80.1"
"18,3316.9,83"
"18,3317.4,83"
"18,3317.4,85"
"18,3318.7,85"
"18,3318.7,86"
"18,3320.1,86"
"18,3320.1,87"
"18,3321.5,87"
"18,3321.5,88"
"18,3323.1,88"
"18,3323.1,90.1"
"18,3327.9,90.1"
"18,3327.9,98"
"18,3328.5,98"
"18,3328.5,100"
"18,3340.1,100"
"18,3340.1,100.1"
"18,3352.8,100.1"
"18,3352.8,110"
"18,3377.8,110"
"18,3377.8,150"
"183,433,150"
"183,433,150.10"
"18,3434.4,150.1"
"18,3434.4,200"
"183,488,200"
"183,488,200.10"
"183,502,200.10"
"183,502,250"
"183,577,250"
"183,577,300"
"18,3577.5,300"
"18,3580.7,300"
"18,3580.7,300.1"
"18,3582.2,300.1"
"18,3582.2,399.9"
"18,3583.7,399.9"
"18,3583.7,499.9"
"18,3584.7,499.9"
"18,3584.7,799.9"
"18,3585.7,799.9"
"18,3585.7,999.9"
"18,3589.7,999.9"
"18,3590.9,999.9"
"18,3590.9,2500"
"18,3591.2,2500"
"18,3591.2,2999"
"18,3654.5,2999"
"18,3654.5,3000"
"19,1431.7,-500"
"19,1431.7,-450"
"19,1433,-450"
"19,1433,-200"
"19,1919,-200"
"19,1919,-150"
"19,1977.8,-150"
"19,1977.8,-100"
"19,2072,-100"
"19,2072,-44.7"
"19,2182.2,-44.7"
"19,2182.2,-10.1"
"19,2219.4,-10.1"
"19,2219.4,-0.5"
"19,2219.5,-0.5"
"19,2219.5,0.1"
"19,2263.4,0.1"
"19,2263.4,3.8"
"19,2264.3,3.8"
"19,2264.3,5.1"
"19,2265.7,5.1"
"19,2265.7,10"
"19,2290.5,10"
"19,2290.5,10.1"
"19,2304.6,10.1"
"19,2304.6,11"
"19,2305.5,11"
"19,2305.5,12"
"19,2309.3,12"
"19,2309.3,13"
"19,2310.7,13"
"19,2310.7,13.5"
"19,2320.1,13.5"
"19,2320.1,13.9"
"19,2329.5,13.9"
"19,2329.5,14"
"19,2335.7,14"
"19,2335.7,14.7"
"19,2345.1,14.7"
"19,2345.1,15"
"19,2352.5,15"
"19,2352.5,15.1"
"19,2353.7,15.1"
"19,2353.7,16"
"19,2363.5,16"
"19,2363.5,16.4"
"19,2369.5,16.4"
"19,2369.5,17"
"19,2371.9,17"
"19,2371.9,17.4"
"19,2381.3,17.4"
"19,2381.3,18"
"19,2383.4,18"
"19,2383.4,19"
"19,2383.5,19"
"19,2383.5,20"
"19,2395.3,20"
"19,2395.3,20.1"
"19,2410.4,20.1"
"19,2410.4,21"
"19,2411.6,21"
"19,2411.6,22"
"19,2412.4,22"
"19,2412.4,25"
"19,2414.8,25"
"19,2414.8,25.1"
"19,2436.7,25.1"
"19,2436.7,25.2"
"19,2446.1,25.2"
"19,2446.1,26"
"19,2447.1,26"
"19,2447.1,28"
"19,2449.7,28"
"19,2449.7,29"
"19,2459.4,29"
"19,2459.4,29.5"
"19,2464.6,29.5"
"19,2464.6,30"
"19,2472.2,30"
"19,2472.2,30.1"
"19,2475.4,30.1"
"19,2475.4,32.1"
"19,2475.9,32.1"
"19,2475.9,32.4"
"19,2487.3,32.4"
"19,2487.5,32.4"
"19,2487.5,32.5"
"19,2489.9,32.5"
"19,2489.9,33"
"19,2490.4,33"
"19,2490.4,34.5"
"19,2491.9,34.5"
"19,2491.9,34.9"
"19,2505.6,34.9"
"19,2505.8,34.9"
"19,2505.8,35"
"19,2507.7,35"
"19,2510,35"
"19,2510,35.5"
"19,2513,35.5"
"19,2513,36"
"19,2516,36"
"19,2516,37.1"
"19,2516.3,37.1"
"19,2516.3,37.4"
"19,2522.9,37.4"
"19,2523,37.4"
"19,2523,38.5"
"19,2523.8,38.5"
"19,2523.8,39.9"
"19,2530.4,39.9"
"19,2531.5,39.9"
"19,2531.5,40"
"19,2535.8,40"
"19,2535.8,40.1"
"19,2539.1,40.1"
"19,2539.1,42.4"
"19,2550.2,42.4"
"19,2550.4,42.4"
"19,2550.4,43"
"19,2550.8,43"
"19,2550.8,44.5"
"19,2554.7,44.5"
"19,2554.7,44.9"
"19,2561.9,44.9"
"19,2562.2,44.9"
"19,2562.2,45"
"19,2563.3,45"
"19,2563.3,47.4"
"19,2563.8,47.4"
"19,2563.8,48"
"19,2566.6,48"
"19,2566.6,49.9"
"19,2575.5,49.9"
"19,2577.4,49.9"
"19,2577.4,50"
"19,2579,50"
"19,2579,50.1"
"19,2580.5,50.1"
"19,2580.5,52.4"
"19,2585.3,52.4"
"19,2585.5,52.4"
"19,2585.5,53.1"
"19,2585.8,53.1"
"19,2585.8,54"
"19,2586.9,54"
"19,2586.9,54.9"
"19,2590.7,54.9"
"19,2590.8,54.9"
"19,2590.8,55"
"19,2591.7,55"
"19,2591.7,57.4"
"19,2597,57.4"
"19,2597.1,57.4"
"19,2597.1,59"
"19,2599.3,59"
"19,2599.3,59.9"
"19,2603.7,59.9"
"19,2604.2,59.9"
"19,2604.2,60"
"19,2608.3,60"
"19,2608.3,60.1"
"19,2616.3,60.1"
"19,2616.3,63"
"19,2617,63"
"19,2617,64"
"19,2622,64"
"19,2622,64.9"
"19,2624.7,64.9"
"19,2624.9,64.9"
"19,2624.9,65"
"19,2626.5,65"
"19,2626.5,67"
"19,2628.5,67"
"19,2628.5,69"
"19,2630.9,69"
"19,2630.9,69.9"
"19,2631.6,69.9"
"19,2631.6,70"
"19,2634.4,70"
"19,2634.4,70.1"
"19,2635.9,70.1"
"19,2635.9,72"
"19,2660.9,72"
"19,2660.9,73"
"19,2663.7,73"
"19,2663.7,74"
"19,2688.7,74"
"19,2688.7,74.9"
"19,2692.6,74.9"
"19,2692.7,74.9"
"19,2692.7,75"
"19,2693.7,75"
"19,2693.7,75.1"
"19,2694.3,75.1"
"19,2694.3,78"
"19,2696.2,78"
"19,2696.2,79.9"
"19,2698.9,79.9"
"19,2699.4,79.9"
"19,2699.4,80"
"19,2705.6,80"
"19,2705.6,80.1"
"19,2708.5,80.1"
"19,2708.5,83"
"19,2709,83"
"19,2709,84.9"
"19,2712.9,84.9"
"19,2712.9,85"
"19,2714.3,85"
"19,2714.3,86"
"19,2715.6,86"
"19,2715.6,88"
"19,2716.4,88"
"19,2716.4,89.9"
"19,2723.5,89.9"
"19,2723.5,90.1"
"19,2731,90.1"
"19,2731,94.9"
"19,2733.7,94.9"
"19,2733.7,95"
"19,2734.5,95"
"19,2734.5,98"
"19,2734.6,98"
"19,2734.6,99.9"
"19,2743,99.9"
"19,2743.9,99.9"
"19,2743.9,100"
"19,2757.1,100"
"19,2757.1,100.1"
"19,2763.9,100.1"
"19,2763.9,104.9"
"19,2766.4,104.9"
"19,2766.6,104.9"
"19,2766.6,109.9"
"19,2768.4,109.9"
"19,2768.4,112"
"19,2793.4,112"
"19,2793.4,119.9"
"192,795,119.90"
"192,795,129.90"
"19,2795.3,129.9"
"19,2795.3,134.9"
"19,2797.7,134.9"
"19,2797.7,144.9"
"19,2798.5,144.9"
"19,2798.5,149.9"
"19,2800.1,149.9"
"19,2800.2,149.9"
"19,2800.2,150"
"19,2823.3,150"
"19,2823.3,150.1"
"19,2824.7,150.1"
"19,2824.7,152"
"19,2849.7,152"
"19,2849.7,154.9"
"19,2850.8,154.9"
"19,2850.8,159.9"
"19,2855.4,159.9"
"19,2855.4,174.9"
"192,857,174.90"
"192,857,180.10"
"19,2858.4,180.1"
"19,2858.4,194.9"
"19,2859.5,194.9"
"19,2859.5,199.9"
"19,2864.8,199.9"
"19,2864.8,200"
"19,2868.3,200"
"19,2868.3,200.1"
"19,2885.3,200.1"
"19,2885.3,202"
"19,2935.3,202"
"19,2935.3,252"
"19,3010.3,252"
"19,3010.3,299.9"
"19,3011.8,299.9"
"19,3011.8,300"
"19,3101.3,300"
"19,3101.3,300.1"
"19,3102.8,300.1"
"19,3102.8,399.9"
"19,3104.8,399.9"
"19,3104.8,400.1"
"19,3105.1,400.1"
"19,3105.1,499.9"
"19,3106.1,499.9"
"19,3106.1,999.9"
"19,3115.3,999.9"
"19,3116.6,999.9"
"19,3116.6,2500"
"19,3116.9,2500"
"19,3116.9,2999"
"19,3180.1,2999"
"19,3180.1,3000"
"19,4388,-500"
"20,1244.4,-500"
"20,1244.4,-200"
"20,1720.9,-200"
"20,1720.9,-150"
"20,1778.6,-150"
"20,1778.6,-100"
"20,1856.2,-100"
"20,1856.2,-44.7"
"20,1964.2,-44.7"
"20,1964.2,-20"
"20,1979.2,-20"
"20,1979.2,-0.5"
"20,1979.3,-0.5"
"20,1979.3,5.1"
"20,1980.7,5.1"
"20,1980.7,10.1"
"20,2001.5,10.1"
"20,2001.5,13.5"
"20,2011,13.5"
"20,2011,13.9"
"20,2020.5,13.9"
"20,2020.5,14.7"
"20,2030,14.7"
"20,2030,15.1"
"20,2031.2,15.1"
"20,2031.2,16.4"
"20,2037.2,16.4"
"20,2037.2,17.5"
"20,2046.7,17.5"
"20,2046.7,20.1"
"20,2079.3,20.1"
"20,2079.3,25.1"
"20,2110.1,25.1"
"20,2110.1,25.4"
"20,2119.6,25.4"
"20,2119.6,29"
"20,2129.1,29"
"20,2129.1,30"
"20,2130.6,30"
"20,2130.6,30.1"
"20,2138.2,30.1"
"20,2138.2,32.5"
"20,2140.6,32.5"
"20,2140.6,33"
"20,2141,33"
"20,2141,33.5"
"20,2141.1,33.5"
"20,2141.1,34"
"20,2141.2,34"
"20,2141.2,34.5"
"20,2142.4,34.5"
"20,2142.4,35"
"20,2154,35"
"20,2154,35.1"
"20,2154.5,35.1"
"20,2154.5,36"
"20,2157.5,36"
"20,2157.5,37.1"
"20,2157.8,37.1"
"20,2157.8,38.5"
"20,2158.6,38.5"
"20,2158.6,39.5"
"20,2158.8,39.5"
"20,2158.8,39.9"
"20,2167.1,39.9"
"20,2168.3,39.9"
"20,2168.3,40"
"20,2172.6,40"
"20,2172.6,40.1"
"20,2175.7,40.1"
"20,2175.7,41"
"20,2176.4,41"
"20,2176.4,42.4"
"20,2187.7,42.4"
"20,2188.1,42.4"
"20,2188.1,43.5"
"20,2189.7,43.5"
"20,2189.7,44.5"
"20,2193.6,44.5"
"20,2193.6,44.9"
"20,2203.6,44.9"
"20,2203.8,44.9"
"20,2203.8,45"
"20,2206.4,45"
"20,2206.4,47.4"
"20,2206.9,47.4"
"20,2206.9,48"
"20,2211.4,48"
"20,2211.4,49"
"20,2214.7,49"
"20,2214.7,49.9"
"20,2225.3,49.9"
"20,2227.2,49.9"
"20,2227.2,50"
"20,2228.8,50"
"20,2228.8,52.4"
"20,2233.6,52.4"
"20,2233.8,52.4"
"20,2233.8,53.1"
"20,2235.3,53.1"
"20,2235.3,54"
"20,2235.9,54"
"20,2235.9,54.9"
"20,2239.7,54.9"
"20,2239.8,54.9"
"20,2239.8,55.1"
"20,2240.1,55.1"
"20,2240.1,57.4"
"20,2245.4,57.4"
"20,2245.5,57.4"
"20,2245.5,59.9"
"20,2249.8,59.9"
"20,2250.4,59.9"
"20,2250.4,60"
"20,2255.8,60"
"20,2255.8,60.1"
"20,2263.8,60.1"
"20,2263.8,63"
"20,2270.6,63"
"20,2270.6,64.9"
"20,2275.4,64.9"
"20,2275.6,64.9"
"20,2275.6,65"
"20,2277.7,65"
"20,2277.7,67"
"20,2279.7,67"
"20,2279.7,68"
"20,2284.7,68"
"20,2284.7,69"
"20,2287.7,69"
"20,2287.7,69.9"
"20,2289,69.9"
"20,2289.1,69.9"
"20,2289.1,70"
"20,2291.9,70"
"20,2291.9,70.1"
"20,2304.4,70.1"
"20,2304.4,73"
"20,2306.8,73"
"20,2306.8,74.9"
"20,2315.3,74.9"
"20,2315.4,74.9"
"20,2315.4,75"
"20,2341.4,75"
"20,2341.4,75.1"
"20,2342,75.1"
"20,2342,78"
"20,2367.9,78"
"20,2367.9,79.9"
"20,2370.5,79.9"
"20,2371.4,79.9"
"20,2371.4,80"
"20,2377.6,80"
"20,2377.6,80.1"
"20,2381.9,80.1"
"20,2381.9,83"
"20,2382.4,83"
"20,2382.4,84.9"
"20,2387,84.9"
"20,2387.5,84.9"
"20,2387.5,85"
"20,2388,85"
"20,2388,88"
"20,2388.9,88"
"20,2388.9,89.9"
"20,2397.5,89.9"
"20,2397.5,90"
"20,2401.9,90"
"20,2401.9,90.1"
"20,2409.4,90.1"
"20,2409.4,94.9"
"20,2413.1,94.9"
"20,2413.1,95"
"20,2413.8,95"
"20,2413.8,99.9"
"20,2421.5,99.9"
"20,2422.4,99.9"
"20,2422.4,100"
"20,2435.6,100"
"20,2435.6,100.1"
"202,458,100.10"
"202,458,104.90"
"20,2460.5,104.9"
"20,2460.6,104.9"
"20,2460.6,109.9"
"20,2462.4,109.9"
"20,2462.5,109.9"
"20,2462.5,115"
"20,2487.5,115"
"20,2487.5,119.9"
"20,2489.1,119.9"
"20,2489.1,129.9"
"20,2489.8,129.9"
"20,2489.8,134.9"
"20,2492.2,134.9"
"20,2492.2,144.9"
"202,493,144.90"
"202,493,149.90"
"20,2494.6,149.9"
"20,2494.7,149.9"
"20,2494.7,150"
"20,2514.9,150"
"20,2515.4,150"
"20,2515.4,150.1"
"202,528,150.10"
"202,528,154.90"
"20,2529.1,154.9"
"20,2529.1,155"
"20,2554.1,155"
"20,2554.1,159.9"
"20,2558.7,159.9"
"20,2558.7,169.9"
"20,2559.3,169.9"
"20,2559.3,174.9"
"20,2560.9,174.9"
"20,2560.9,180.1"
"20,2562.3,180.1"
"20,2562.3,194.9"
"20,2563.4,194.9"
"20,2563.4,199.9"
"20,2568.7,199.9"
"20,2568.7,200"
"20,2572.2,200"
"20,2572.2,200.1"
"20,2586.2,200.1"
"20,2586.2,205"
"20,2636.2,205"
"20,2636.2,255"
"20,2711.2,255"
"20,2711.2,299.9"
"20,2712.7,299.9"
"20,2712.7,300"
"20,2802.2,300"
"20,2802.2,300.1"
"20,2803.7,300.1"
"20,2803.7,399.9"
"20,2805.7,399.9"
"20,2805.7,400.1"
"202,806,400.10"
"202,806,999.90"
"20,2818.4,999.9"
"20,2820.1,999.9"
"20,2820.1,2500"
"20,2820.4,2500"
"20,2820.4,2999"
"2,028,832,999"
"2,028,833,000"
"21,1432.3,-500"
"21,1432.3,-200"
"21,2011.7,-200"
"21,2011.7,-150"
"21,2067.7,-150"
"21,2067.7,-100"
"21,2143.2,-100"
"21,2143.2,-44.7"
"21,2248,-44.7"
"21,2248,-20.1"
"21,2255.3,-20.1"
"21,2255.3,-20"
"21,2270.3,-20"
"21,2270.3,-10.1"
"21,2276.3,-10.1"
"21,2276.3,-0.5"
"21,2276.4,-0.5"
"21,2276.4,0.1"
"21,2278,0.1"
"21,2278,2"
"21,2288,2"
"21,2288,10.1"
"21,2318.7,10.1"
"21,2318.7,13"
"21,2320,13"
"21,2320,13.5"
"21,2329.6,13.5"
"21,2329.6,13.9"
"21,2339.2,13.9"
"21,2339.2,14.6"
"21,2348.8,14.6"
"21,2348.8,16.4"
"21,2356.8,16.4"
"21,2356.8,17.6"
"21,2366.4,17.6"
"21,2366.4,20"
"21,2367.4,20"
"21,2367.4,20.1"
"21,2395.6,20.1"
"21,2395.6,22.3"
"21,2465.2,22.3"
"21,2465.2,22.4"
"21,2476.7,22.4"
"21,2476.7,24.9"
"21,2490.5,24.9"
"21,2490.6,24.9"
"21,2490.6,25"
"21,2491.8,25"
"21,2491.8,25.1"
"21,2533.1,25.1"
"21,2533.1,25.3"
"21,2542.7,25.3"
"21,2542.7,27.4"
"21,2548.4,27.4"
"21,2548.4,29"
"21,2558,29"
"21,2558,29.9"
"21,2583.9,29.9"
"21,2584.5,29.9"
"21,2584.5,30.1"
"21,2589.8,30.1"
"21,2589.8,32.4"
"21,2599.6,32.4"
"21,2599.7,32.4"
"21,2599.7,34.9"
"21,2614.3,34.9"
"21,2614.6,34.9"
"21,2614.6,35"
"21,2617.6,35"
"21,2617.6,35.1"
"21,2618.1,35.1"
"21,2618.1,37.1"
"21,2618.4,37.1"
"21,2618.4,37.4"
"21,2628.1,37.4"
"21,2628.2,37.4"
"21,2628.2,39.9"
"21,2636.3,39.9"
"21,2637.5,39.9"
"21,2637.5,40.1"
"21,2643.8,40.1"
"21,2643.8,42.4"
"21,2661.2,42.4"
"21,2661.7,42.4"
"21,2661.7,44.9"
"21,2669.6,44.9"
"21,2669.8,44.9"
"21,2669.8,47.4"
"21,2674.8,47.4"
"21,2675.3,47.4"
"21,2675.3,49.9"
"21,2693.5,49.9"
"21,2695.4,49.9"
"21,2695.4,52.4"
"21,2701.5,52.4"
"21,2701.7,52.4"
"21,2701.7,53.1"
"21,2703.2,53.1"
"21,2703.2,54.9"
"21,2716.6,54.9"
"21,2716.8,54.9"
"21,2716.8,55"
"21,2717.8,55"
"21,2717.8,55.1"
"21,2721.8,55.1"
"21,2721.8,57.4"
"21,2732.3,57.4"
"21,2732.4,57.4"
"21,2732.4,58"
"21,2757.4,58"
"21,2757.4,59.9"
"21,2763.7,59.9"
"21,2763.9,59.9"
"21,2763.9,60"
"21,2765,60"
"21,2765,60.1"
"21,2776.6,60.1"
"21,2776.6,64.9"
"21,2779,64.9"
"21,2779.2,64.9"
"21,2779.2,65"
"21,2779.4,65"
"21,2779.4,67"
"21,2780.3,67"
"21,2780.3,68"
"21,2805.3,68"
"21,2805.3,69.9"
"21,2813.8,69.9"
"21,2814,69.9"
"21,2814,70.1"
"21,2837.6,70.1"
"21,2837.6,74.9"
"21,2845.8,74.9"
"21,2845.9,74.9"
"21,2845.9,75"
"21,2870.9,75"
"21,2870.9,75.1"
"21,2871.2,75.1"
"21,2871.2,78"
"21,2896.2,78"
"21,2896.2,79.9"
"21,2903.9,79.9"
"21,2905.1,79.9"
"21,2905.1,80"
"21,2905.2,80"
"21,2905.2,80.1"
"21,2911,80.1"
"21,2911,84.9"
"21,2917,84.9"
"21,2917.6,84.9"
"21,2917.6,85"
"21,2918.1,85"
"21,2918.1,89.9"
"21,2928.6,89.9"
"21,2928.8,89.9"
"21,2928.8,90.1"
"21,2939.3,90.1"
"21,2939.3,94.9"
"21,2941.1,94.9"
"21,2941.1,98"
"21,2941.7,98"
"21,2941.7,99.9"
"21,2951.8,99.9"
"21,2952.5,99.9"
"21,2952.5,100"
"21,2952.8,100"
"21,2952.8,100.1"
"21,2984.3,100.1"
"21,2984.3,104.9"
"21,2986.8,104.9"
"21,2986.9,104.9"
"21,2986.9,115"
"21,3011.9,115"
"21,3011.9,119.9"
"21,3016.5,119.9"
"21,3016.5,129.9"
"21,3019.6,129.9"
"21,3019.6,134.9"
"213,022,134.90"
"213,022,144.90"
"21,3024.5,144.9"
"21,3024.5,149.9"
"21,3026.1,149.9"
"21,3026.4,149.9"
"21,3026.4,150.1"
"21,3043.8,150.1"
"21,3043.8,154.9"
"21,3044.9,154.9"
"21,3044.9,155"
"21,3069.9,155"
"21,3069.9,159.9"
"21,3074.5,159.9"
"21,3074.5,169.9"
"21,3075.1,169.9"
"21,3075.1,174.9"
"21,3076.7,174.9"
"21,3076.7,180.1"
"21,3078.1,180.1"
"21,3078.1,194.9"
"21,3079.2,194.9"
"21,3079.2,200.1"
"21,3093.2,200.1"
"21,3093.2,205"
"21,3143.2,205"
"21,3143.2,255"
"21,3218.2,255"
"21,3218.2,299.9"
"21,3222.7,299.9"
"21,3222.7,300"
"21,3312.2,300"
"21,3312.2,300.1"
"21,3313.7,300.1"
"21,3313.7,399.9"
"21,3315.7,399.9"
"21,3315.7,999.9"
"21,3328.1,999.9"
"21,3329.5,999.9"
"21,3329.5,2500"
"21,3329.8,2500"
"21,3329.8,2999"
"21,3391.6,2999"
"21,3391.6,3000"
"22,1558.1,-500"
"22,1558.1,-200"
"22,2066.7,-200"
"22,2066.7,-150"
"22,2121.7,-150"
"22,2121.7,-100"
"22,2187.5,-100"
"22,2187.5,-44.7"
"22,2290.6,-44.7"
"22,2290.6,-20"
"22,2305.6,-20"
"22,2305.6,-0.5"
"22,2305.7,-0.5"
"22,2305.7,10.1"
"22,2311.3,10.1"
"22,2311.3,13.5"
"22,2320.9,13.5"
"22,2320.9,13.9"
"22,2330.5,13.9"
"22,2330.5,14.6"
"22,2340.1,14.6"
"22,2340.1,16.4"
"22,2349.1,16.4"
"22,2349.1,17.7"
"22,2358.7,17.7"
"22,2358.7,20.1"
"22,2363.9,20.1"
"22,2363.9,22.4"
"22,2368,22.4"
"22,2368,24.9"
"22,2383.3,24.9"
"22,2383.3,25.1"
"22,2430.8,25.1"
"22,2430.8,25.4"
"22,2440.4,25.4"
"22,2440.4,27.4"
"22,2449.4,27.4"
"22,2449.5,27.4"
"22,2449.5,29"
"22,2459.1,29"
"22,2459.1,29.9"
"22,2477,29.9"
"22,2477.5,29.9"
"22,2477.5,30.1"
"22,2480.4,30.1"
"22,2480.4,32.4"
"22,2491.3,32.4"
"22,2491.4,32.4"
"22,2491.4,34.9"
"22,2502.2,34.9"
"22,2502.5,34.9"
"22,2502.5,35.1"
"22,2503,35.1"
"22,2503,37.4"
"22,2515.4,37.4"
"22,2515.7,37.4"
"22,2515.7,39.9"
"22,2522.6,39.9"
"22,2523.7,39.9"
"22,2523.7,40.1"
"22,2529.4,40.1"
"22,2529.4,42.4"
"22,2546.3,42.4"
"22,2546.6,42.4"
"22,2546.6,44.9"
"22,2553,44.9"
"22,2553.2,44.9"
"22,2553.2,47.4"
"22,2558.2,47.4"
"22,2558.7,47.4"
"22,2558.7,49.9"
"22,2576.3,49.9"
"22,2578.2,49.9"
"22,2578.2,50.1"
"22,2581.4,50.1"
"22,2581.4,52.4"
"22,2587.5,52.4"
"22,2587.7,52.4"
"22,2587.7,53.1"
"22,2589.2,53.1"
"22,2589.2,54.9"
"22,2602.6,54.9"
"22,2602.8,54.9"
"22,2602.8,55"
"22,2603.7,55"
"22,2603.7,55.1"
"22,2607.7,55.1"
"22,2607.7,56"
"22,2632.7,56"
"22,2632.7,57.4"
"22,2642.1,57.4"
"22,2642.2,57.4"
"22,2642.2,59"
"22,2642.7,59"
"22,2642.7,59.9"
"22,2649,59.9"
"22,2649.3,59.9"
"22,2649.3,60"
"22,2650.4,60"
"22,2650.4,60.1"
"22,2658,60.1"
"22,2658,64"
"22,2658.2,64"
"22,2658.2,64.9"
"22,2660.6,64.9"
"22,2660.8,64.9"
"22,2660.8,65"
"22,2661,65"
"22,2661,66"
"22,2686,66"
"22,2686,67"
"22,2686.9,67"
"22,2686.9,69.9"
"22,2697,69.9"
"22,2697.2,69.9"
"22,2697.2,70.1"
"22,2725.1,70.1"
"22,2725.1,74"
"22,2750.1,74"
"22,2750.1,74.9"
"22,2758.6,74.9"
"22,2758.6,76"
"22,2783.6,76"
"22,2783.6,79.9"
"22,2791.3,79.9"
"22,2793,79.9"
"22,2793,80"
"22,2793.1,80"
"22,2793.1,80.1"
"22,2804.3,80.1"
"22,2804.3,84.9"
"22,2808.4,84.9"
"22,2809,84.9"
"22,2809,85"
"22,2809.5,85"
"22,2809.5,86"
"22,2810.8,86"
"22,2810.8,87"
"22,2812.2,87"
"22,2812.2,89.9"
"22,2822.7,89.9"
"22,2822.9,89.9"
"22,2822.9,90.1"
"22,2833.4,90.1"
"22,2833.4,94.9"
"22,2835.2,94.9"
"22,2835.2,99.9"
"22,2845.3,99.9"
"22,2846,99.9"
"222,846,100"
"22,2846.3,100"
"22,2846.3,100.1"
"22,2884.9,100.1"
"22,2884.9,104.9"
"22,2887.4,104.9"
"22,2887.5,104.9"
"22,2887.5,114"
"22,2912.5,114"
"22,2912.5,119.9"
"22,2918.2,119.9"
"22,2918.2,129.9"
"22,2920.9,129.9"
"22,2920.9,134.9"
"22,2923.3,134.9"
"22,2923.3,139.9"
"22,2925.2,139.9"
"22,2925.2,144.9"
"22,2929.3,144.9"
"22,2929.3,149.9"
"22,2930.9,149.9"
"22,2931.2,149.9"
"22,2931.2,150.1"
"22,2946.5,150.1"
"22,2946.5,154"
"22,2971.5,154"
"22,2971.5,154.9"
"22,2972.6,154.9"
"22,2972.6,159.9"
"22,2977.2,159.9"
"22,2977.2,169.9"
"22,2977.8,169.9"
"22,2977.8,174.9"
"22,2979.4,174.9"
"22,2979.4,180.1"
"22,2980.8,180.1"
"22,2980.8,194.9"
"22,2981.9,194.9"
"22,2981.9,200.1"
"222,998,200.10"
"222,998,204"
"223,048,204"
"223,048,254"
"223,123,254"
"223,123,299.90"
"22,3127.5,299.9"
"22,3127.5,300"
"22,3216.5,300"
"22,3216.5,300.1"
"223,218,300.10"
"223,218,399.90"
"223,220,399.90"
"223,220,500.10"
"22,3220.3,500.1"
"22,3220.3,999.9"
"22,3232.7,999.9"
"22,3234.1,999.9"
"22,3234.1,2500"
"22,3234.4,2500"
"22,3234.4,2999"
"22,3314.3,2999"
"22,3314.3,3000"
"23,1763.9,-500"
"23,1763.9,-200"
"23,2228.7,-200"
"23,2228.7,-150"
"23,2283.1,-150"
"23,2283.1,-100"
"23,2347.3,-100"
"23,2347.3,-44.7"
"23,2449.2,-44.7"
"23,2449.2,-0.5"
"23,2449.3,-0.5"
"23,2449.3,13.5"
"23,2459,13.5"
"23,2459,13.9"
"23,2468.7,13.9"
"23,2468.7,14.6"
"23,2478.4,14.6"
"23,2478.4,16.4"
"23,2488.4,16.4"
"23,2488.4,17.8"
"23,2498.1,17.8"
"23,2498.1,20.1"
"23,2498.4,20.1"
"23,2498.4,25.1"
"23,2543.3,25.1"
"23,2543.3,25.5"
"23,2553,25.5"
"23,2553,29.1"
"23,2562.7,29.1"
"23,2562.7,29.9"
"23,2567.2,29.9"
"23,2567.5,29.9"
"23,2567.5,30.1"
"23,2570.4,30.1"
"23,2570.4,32.4"
"23,2583.5,32.4"
"23,2583.6,32.4"
"23,2583.6,34.9"
"23,2594,34.9"
"23,2594.3,34.9"
"23,2594.3,35.1"
"23,2594.8,35.1"
"23,2594.8,37.4"
"23,2606.5,37.4"
"23,2606.8,37.4"
"23,2606.8,39.9"
"23,2616.4,39.9"
"23,2617.5,39.9"
"23,2617.5,42.4"
"23,2632.2,42.4"
"23,2632.5,42.4"
"23,2632.5,44.9"
"23,2636.3,44.9"
"23,2636.5,44.9"
"23,2636.5,45.1"
"23,2639.8,45.1"
"23,2639.8,47.4"
"23,2644.8,47.4"
"23,2645.3,47.4"
"23,2645.3,49.9"
"23,2662.9,49.9"
"23,2664.7,49.9"
"23,2664.7,52.4"
"23,2669.8,52.4"
"23,2670,52.4"
"23,2670,53.1"
"23,2671.5,53.1"
"23,2671.5,54.9"
"23,2684.8,54.9"
"23,2685,54.9"
"23,2685,55"
"23,2685.9,55"
"23,2685.9,55.1"
"23,2689.1,55.1"
"23,2689.1,56"
"23,2714.1,56"
"23,2714.1,57.4"
"23,2720.5,57.4"
"23,2720.6,57.4"
"23,2720.6,59"
"23,2721.1,59"
"23,2721.1,59.9"
"23,2728.9,59.9"
"23,2729.3,59.9"
"23,2729.3,60"
"23,2730.4,60"
"23,2730.4,60.1"
"23,2738.1,60.1"
"23,2738.1,64"
"23,2738.3,64"
"23,2738.3,64.9"
"23,2740.7,64.9"
"23,2740.9,64.9"
"23,2740.9,65"
"23,2741.1,65"
"23,2741.1,66"
"23,2766.1,66"
"23,2766.1,67"
"23,2767,67"
"23,2767,69.9"
"23,2774.7,69.9"
"23,2774.9,69.9"
"23,2774.9,70.1"
"23,2798.8,70.1"
"23,2798.8,74"
"23,2823.8,74"
"23,2823.8,74.9"
"23,2830,74.9"
"23,2830,76"
"23,2855,76"
"23,2855,79.9"
"23,2867.6,79.9"
"23,2870.2,79.9"
"23,2870.2,80"
"23,2870.3,80"
"23,2870.3,80.1"
"23,2881.5,80.1"
"23,2881.5,84.9"
"23,2888,84.9"
"23,2888.8,84.9"
"23,2888.8,85"
"23,2889.3,85"
"23,2889.3,86"
"23,2890.6,86"
"23,2890.6,87"
"23,2892,87"
"23,2892,89.9"
"23,2902.5,89.9"
"23,2902.7,89.9"
"23,2902.7,90.1"
"23,2910.2,90.1"
"23,2910.2,94.9"
"23,2912,94.9"
"23,2912,99.9"
"23,2923.2,99.9"
"23,2924.1,99.9"
"23,2924.1,100"
"23,2924.4,100"
"23,2924.4,100.1"
"23,2964.4,100.1"
"23,2964.4,104.9"
"232,968,104.90"
"23,2968.1,104.9"
"23,2968.1,114"
"23,2993.1,114"
"23,2993.1,119.9"
"23,2997.7,119.9"
"23,2997.7,124.9"
"23,2998.8,124.9"
"23,2998.8,129.9"
"23,3001.5,129.9"
"23,3001.5,134.9"
"23,3003.9,134.9"
"23,3003.9,139.9"
"23,3005.8,139.9"
"23,3005.8,144.9"
"23,3008.2,144.9"
"23,3008.2,149.9"
"23,3009.8,149.9"
"23,3010.2,149.9"
"23,3010.2,150.1"
"23,3030.4,150.1"
"23,3030.4,154"
"23,3055.4,154"
"23,3055.4,154.9"
"23,3056.5,154.9"
"23,3056.5,159.9"
"23,3061.1,159.9"
"23,3061.1,169.9"
"23,3061.7,169.9"
"23,3061.7,174.9"
"23,3063.3,174.9"
"23,3063.3,180.1"
"23,3064.7,180.1"
"23,3064.7,199.9"
"23,3067.5,199.9"
"23,3067.5,200.1"
"23,3087.6,200.1"
"23,3087.6,204"
"23,3137.6,204"
"23,3137.6,254"
"23,3212.6,254"
"23,3212.6,299.9"
"23,3217.1,299.9"
"23,3217.1,300"
"23,3306.1,300"
"23,3306.1,300.1"
"23,3307.6,300.1"
"23,3307.6,399.9"
"23,3309.6,399.9"
"23,3309.6,999.9"
"233,322,999.90"
"23,3323.6,999.9"
"23,3323.6,2500"
"23,3323.9,2500"
"23,3323.9,2999"
"23,3383.4,2999"
"23,3383.4,3000"
"24,1705.5,-500"
"24,1705.5,-200"
"24,2105.5,-200"
"24,2105.5,-150"
"24,2159.2,-150"
"24,2159.2,-100"
"24,2215.3,-100"
"24,2215.3,-44.7"
"24,2315.8,-44.7"
"24,2315.8,-0.5"
"24,2315.9,-0.5"
"24,2315.9,0.1"
"24,2325.9,0.1"
"24,2325.9,13.5"
"24,2335.6,13.5"
"24,2335.6,13.8"
"24,2345.3,13.8"
"24,2345.3,14.6"
"24,2355,14.6"
"24,2355,17.8"
"24,2364.7,17.8"
"24,2364.7,20.1"
"24,2365,20.1"
"24,2365,22.3"
"24,2401.2,22.3"
"24,2401.2,22.4"
"24,2405.9,22.4"
"24,2405.9,24.9"
"24,2412,24.9"
"24,2412,25.1"
"24,2413.2,25.1"
"24,2413.2,25.5"
"24,2422.9,25.5"
"24,2422.9,27.3"
"24,2459.9,27.3"
"24,2459.9,27.4"
"24,2465.6,27.4"
"24,2465.9,27.4"
"24,2465.9,29.1"
"24,2475.6,29.1"
"24,2475.6,29.9"
"24,2488.2,29.9"
"24,2488.5,29.9"
"24,2488.5,30.1"
"24,2491.4,30.1"
"24,2491.4,32.4"
"24,2501.7,32.4"
"24,2501.8,32.4"
"24,2501.8,34.9"
"24,2510.4,34.9"
"24,2510.7,34.9"
"24,2510.7,35.1"
"24,2511.2,35.1"
"24,2511.2,37.4"
"24,2522.8,37.4"
"24,2522.9,37.4"
"24,2522.9,39.9"
"24,2534.6,39.9"
"24,2541,39.9"
"24,2541,42.4"
"24,2555.7,42.4"
"24,2556.8,42.4"
"24,2556.8,44.9"
"24,2560.6,44.9"
"24,2560.8,44.9"
"24,2560.8,45.1"
"24,2607.8,45.1"
"24,2607.8,47.4"
"24,2613.5,47.4"
"24,2614,47.4"
"24,2614,49.9"
"24,2629.6,49.9"
"24,2631.4,49.9"
"24,2631.4,50"
"24,2656.4,50"
"24,2656.4,52.4"
"24,2663.2,52.4"
"24,2663.3,52.4"
"24,2663.3,54.9"
"24,2676.6,54.9"
"24,2676.8,54.9"
"24,2676.8,55.1"
"24,2681.5,55.1"
"24,2681.5,57.4"
"24,2687.9,57.4"
"24,2688,57.4"
"24,2688,59"
"24,2688.3,59"
"24,2688.3,59.9"
"24,2694.2,59.9"
"24,2694.6,59.9"
"24,2694.6,60"
"24,2720.7,60"
"24,2720.7,60.1"
"24,2728.4,60.1"
"24,2728.4,64"
"24,2728.6,64"
"24,2728.6,64.9"
"24,2731,64.9"
"24,2731.2,64.9"
"24,2731.2,65"
"24,2731.4,65"
"24,2731.4,65.1"
"24,2731.8,65.1"
"24,2731.8,67"
"24,2732.7,67"
"24,2732.7,69.9"
"24,2740.4,69.9"
"24,2740.7,69.9"
"24,2740.7,70"
"24,2765.7,70"
"24,2765.7,70.1"
"24,2789.2,70.1"
"24,2789.2,72"
"24,2814.2,72"
"24,2814.2,74.9"
"24,2821.2,74.9"
"24,2821.5,74.9"
"24,2821.5,79.9"
"24,2834.1,79.9"
"24,2836.8,79.9"
"24,2836.8,80"
"24,2836.9,80"
"24,2836.9,80.1"
"24,2845.7,80.1"
"24,2845.7,84.9"
"24,2852.2,84.9"
"24,2853.1,84.9"
"24,2853.1,85"
"24,2853.6,85"
"24,2853.6,86"
"24,2854.9,86"
"24,2854.9,87"
"24,2856.3,87"
"24,2856.3,89.9"
"24,2866.8,89.9"
"24,2867.4,89.9"
"24,2867.4,90.1"
"24,2874.9,90.1"
"24,2874.9,94.9"
"24,2879.4,94.9"
"24,2879.4,99.9"
"24,2888.2,99.9"
"24,2889.1,99.9"
"24,2889.1,100"
"24,2889.4,100"
"24,2889.4,100.1"
"24,2925.4,100.1"
"24,2925.4,104.9"
"242,929,104.90"
"24,2929.1,104.9"
"24,2929.1,109.9"
"24,2930.9,109.9"
"24,2930.9,112"
"24,2955.9,112"
"24,2955.9,119.9"
"24,2961.5,119.9"
"24,2961.5,124.9"
"24,2962.6,124.9"
"24,2962.6,129.9"
"24,2965.3,129.9"
"24,2965.3,134.9"
"24,2967.7,134.9"
"24,2967.7,139.9"
"24,2969.6,139.9"
"24,2969.6,144.9"
"242,972,144.90"
"242,972,149.90"
"242,973,149.90"
"24,2973.4,149.9"
"24,2973.4,150.1"
"24,2993.6,150.1"
"24,2993.6,152"
"24,3018.6,152"
"24,3018.6,154.9"
"24,3019.7,154.9"
"24,3019.7,159.9"
"24,3026.7,159.9"
"24,3026.7,169.9"
"24,3027.3,169.9"
"24,3027.3,174.9"
"24,3028.9,174.9"
"24,3028.9,180.1"
"24,3030.3,180.1"
"24,3030.3,199.9"
"243,032,199.90"
"243,032,200.10"
"24,3048.1,200.1"
"24,3048.1,202"
"24,3098.1,202"
"24,3098.1,252"
"24,3173.1,252"
"24,3173.1,299.9"
"24,3177.6,299.9"
"24,3177.6,300"
"24,3266.6,300"
"24,3266.6,300.1"
"24,3272.1,300.1"
"24,3272.1,399.9"
"24,3274.1,399.9"
"24,3274.1,500.1"
"24,3278.1,500.1"
"24,3278.1,999.9"
"24,3291.6,999.9"
"243,293,999.90"
"2,432,932,500"
"24,3293.3,2500"
"24,3293.3,2999"
"24,3351.6,2999"
"24,3351.6,3000"
